Test ID,Timestamp,Environment,Keyword,Status,Pass Percentage (%),Matched/Total,Status Color,Response Time (ms),HTTP Status Code,Error Message,Test Duration (s)
TST_001,2025-11-06T03:38:45.382Z,prod-api,refrigerator (Refrigerator),PASS,10000.00%,100/100,#C8E6C9,1217,200,,1.25
TST_002,2025-11-06T03:38:46.775Z,prod-api,whirlpool refrigerator (Refrigerator),PASS,10000.00%,10/10,#C8E6C9,635,200,,0.66
TST_003,2025-11-06T03:38:47.978Z,prod-api,samsung refrigerator (Refrigerator),PASS,10000.00%,10/10,#C8E6C9,545,200,,0.56
TST_004,2025-11-06T03:38:49.408Z,prod-api,refrigerator sale (Refrigerator),PASS,10000.00%,10/10,#C8E6C9,776,200,,0.79
TST_005,2025-11-06T03:38:50.601Z,prod-api,frigidaire refrigerator (Refrigerator),PASS,10000.00%,5/5,#C8E6C9,571,200,,0.59
TST_006,2025-11-06T03:38:52.290Z,prod-api,lg refrigerator (Refrigerator),PASS,10000.00%,10/10,#C8E6C9,1067,200,,1.07
TST_007,2025-11-06T03:38:53.572Z,prod-api,counter depth refrigerator (Refrigerator),PASS,10000.00%,10/10,#C8E6C9,651,200,,0.67
TST_008,2025-11-06T03:38:54.913Z,prod-api,ge refrigerator (Refrigerator),PASS,10000.00%,10/10,#C8E6C9,675,200,,0.69
TST_009,2025-11-06T03:38:56.684Z,prod-api,lg refrigerators (Refrigerator),PASS,10000.00%,10/10,#C8E6C9,1141,200,,1.15
TST_010,2025-11-06T03:38:58.539Z,prod-api,kitchenaid refrigerator (Refrigerator),PASS,10000.00%,10/10,#C8E6C9,1209,200,,1.23
TST_011,2025-11-06T03:38:59.778Z,prod-api,mini refrigerator (Refrigerator),PASS,10000.00%,10/10,#C8E6C9,594,200,,0.61
TST_012,2025-11-06T03:39:00.652Z,prod-api,refrigerators (Refrigerator),PASS,10000.00%,100/100,#C8E6C9,236,200,,0.26
TST_013,2025-11-06T03:39:01.982Z,prod-api,small refrigerator (Refrigerator),PASS,10000.00%,10/10,#C8E6C9,667,200,,0.68
TST_014,2025-11-06T03:39:03.367Z,prod-api,bosch refrigerator (Refrigerator),PASS,10000.00%,10/10,#C8E6C9,747,200,,0.76
TST_015,2025-11-06T03:39:04.851Z,prod-api,french door refrigerator (Refrigerator),PASS,10000.00%,10/10,#C8E6C9,836,200,,0.85
TST_016,2025-11-06T03:39:06.540Z,prod-api,lowes refrigerators (Refrigerator),PASS,10000.00%,6/6,#C8E6C9,1061,200,,1.07
TST_017,2025-11-06T03:39:07.932Z,prod-api,refrigerators for sale (Refrigerator),PASS,10000.00%,10/10,#C8E6C9,718,200,,0.73
TST_018,2025-11-06T03:39:09.850Z,prod-api,shop refrigerator deals (Refrigerator),PASS,10000.00%,10/10,#C8E6C9,1217,200,,1.23
TST_019,2025-11-06T03:39:11.518Z,prod-api,subzero refrigerator (Refrigerator),REVIEW,N/A,0/0,#FFE0B2,957,200,No results returned; requires manual review.,0.97
TST_020,2025-11-06T03:39:13.204Z,prod-api,ge profile refrigerator (Refrigerator),PASS,10000.00%,10/10,#C8E6C9,990,200,,1
TST_021,2025-11-06T03:39:14.123Z,prod-api,refrigerador (Refrigerator),PASS,10000.00%,100/100,#C8E6C9,181,200,,0.2
TST_022,2025-11-06T03:39:15.503Z,prod-api,whirlpool refrigerator water filter (Refrigerator),PASS,10000.00%,9/9,#C8E6C9,649,200,,0.66
TST_023,2025-11-06T03:39:17.306Z,prod-api,commercial refrigerator (Refrigerator),PASS,10000.00%,10/10,#C8E6C9,1080,200,,1.1
TST_024,2025-11-06T03:39:19.048Z,prod-api,frigidaire refrigerator parts (Refrigerator),REVIEW,N/A,0/0,#FFE0B2,1049,200,No results returned; requires manual review.,1.06
TST_025,2025-11-06T03:39:20.538Z,prod-api,maytag refrigerator (Refrigerator),PASS,10000.00%,10/10,#C8E6C9,798,200,,0.81
TST_026,2025-11-06T03:39:21.910Z,prod-api,side by side refrigerator (Refrigerator),PASS,10000.00%,10/10,#C8E6C9,588,200,,0.61
TST_027,2025-11-06T03:39:23.308Z,prod-api,sub zero refrigerator (Refrigerator),REVIEW,N/A,0/0,#FFE0B2,609,200,No results returned; requires manual review.,0.62
TST_028,2025-11-06T03:39:25.146Z,prod-api,whirlpool refrigerators (Refrigerator),PASS,10000.00%,10/10,#C8E6C9,1142,200,,1.16
TST_029,2025-11-06T03:39:27.222Z,prod-api,cafe refrigerator (Refrigerator),PASS,10000.00%,10/10,#C8E6C9,1263,200,,1.27
TST_030,2025-11-06T03:39:28.605Z,prod-api,frigidaire gallery refrigerator (Refrigerator),PASS,10000.00%,5/5,#C8E6C9,609,200,,0.62
TST_031,2025-11-06T03:39:30.267Z,prod-api,frigidaire refrigerators (Refrigerator),PASS,10000.00%,5/5,#C8E6C9,937,200,,0.95
TST_032,2025-11-06T03:39:31.847Z,prod-api,garage ready refrigerator (Refrigerator),PASS,10000.00%,10/10,#C8E6C9,737,200,,0.74
TST_033,2025-11-06T03:39:33.596Z,prod-api,ge cafe refrigerator (Refrigerator),PASS,10000.00%,10/10,#C8E6C9,981,200,,0.99
TST_034,2025-11-06T03:39:35.324Z,prod-api,refrigerators on sale (Refrigerator),PASS,10000.00%,10/10,#C8E6C9,946,200,,0.96
TST_035,2025-11-06T03:39:37.363Z,prod-api,rv refrigerator (Refrigerator),PASS,10000.00%,4/4,#C8E6C9,1153,200,,1.17
TST_036,2025-11-06T03:39:38.839Z,prod-api,samsung refrigerator water filter (Refrigerator),PASS,10000.00%,2/2,#C8E6C9,635,200,,0.65
TST_037,2025-11-06T03:39:40.493Z,prod-api,whirlpool refrigerator parts (Refrigerator),PASS,10000.00%,2/2,#C8E6C9,790,200,,0.8
TST_038,2025-11-06T03:39:42.313Z,prod-api,bottom freezer refrigerator (Refrigerator),PASS,10000.00%,10/10,#C8E6C9,934,200,,0.95
TST_039,2025-11-06T03:39:44.143Z,prod-api,comercial refrigerator (Refrigerator),PASS,10000.00%,10/10,#C8E6C9,949,200,,0.96
TST_040,2025-11-06T03:39:46.067Z,prod-api,counter depth refrigerators (Refrigerator),PASS,10000.00%,10/10,#C8E6C9,1000,200,,1.02
TST_041,2025-11-06T03:39:47.548Z,prod-api,garage refrigerator (Refrigerator),PASS,10000.00%,10/10,#C8E6C9,625,200,,0.64
TST_042,2025-11-06T03:39:49.622Z,prod-api,ge refrigerator water filter (Refrigerator),PASS,10000.00%,5/5,#C8E6C9,1161,200,,1.18
TST_043,2025-11-06T03:39:51.244Z,prod-api,kitchenaid refrigerators (Refrigerator),PASS,10000.00%,10/10,#C8E6C9,693,200,,0.71
TST_044,2025-11-06T03:39:53.199Z,prod-api,panel ready refrigerator (Refrigerator),PASS,10000.00%,10/10,#C8E6C9,1056,200,,1.07
TST_045,2025-11-06T03:39:54.352Z,prod-api,refrigeration (Refrigerator),PASS,10000.00%,100/100,#C8E6C9,214,200,,0.24
TST_046,2025-11-06T03:39:56.283Z,prod-api,refrigerator clearance sale (Refrigerator),PASS,10000.00%,1/1,#C8E6C9,1023,200,,1.03
TST_047,2025-11-06T03:39:58.160Z,prod-api,retro refrigerator (Refrigerator),PASS,10000.00%,10/10,#C8E6C9,973,200,,0.98
TST_048,2025-11-06T03:39:59.750Z,prod-api,samsung refrigerator parts (Refrigerator),PASS,10000.00%,2/2,#C8E6C9,615,200,,0.63
TST_049,2025-11-06T03:40:01.264Z,prod-api,small refrigerator with freezer (Refrigerator),PASS,10000.00%,10/10,#C8E6C9,735,200,,0.75
TST_050,2025-11-06T03:40:03.418Z,prod-api,small refrigerators (Refrigerator),PASS,10000.00%,10/10,#C8E6C9,1231,200,,1.25
TST_051,2025-11-06T03:40:04.501Z,prod-api,freezers (Freezer Refrigerator),PASS,10000.00%,100/100,#C8E6C9,176,200,,0.19
TST_052,2025-11-06T03:40:06.503Z,prod-api,chest freezers (Freezer Refrigerator),PASS,10000.00%,10/10,#C8E6C9,932,200,,0.95
TST_053,2025-11-06T03:40:08.319Z,prod-api,deep freezers (Freezer Refrigerator),PASS,10000.00%,10/10,#C8E6C9,960,200,,0.97
TST_054,2025-11-06T03:40:09.942Z,prod-api,upright freezers (Freezer Refrigerator),PASS,10000.00%,10/10,#C8E6C9,676,200,,0.69
TST_055,2025-11-06T03:40:11.935Z,prod-api,small freezers (Freezer Refrigerator),PASS,10000.00%,10/10,#C8E6C9,963,200,,0.98
TST_056,2025-11-06T03:40:13.403Z,prod-api,mini freezers (Freezer Refrigerator),PASS,10000.00%,10/10,#C8E6C9,613,200,,0.63
TST_057,2025-11-06T03:40:16.891Z,prod-api,freezers for sale (Freezer Refrigerator),REVIEW,N/A,0/0,#FFE0B2,2421,200,No results returned; requires manual review.,2.43
TST_058,2025-11-06T03:40:18.554Z,prod-api,small freezers upright (Freezer Refrigerator),PASS,10000.00%,10/10,#C8E6C9,610,200,,0.63
TST_059,2025-11-06T03:40:20.537Z,prod-api,small chest freezers (Freezer Refrigerator),PASS,10000.00%,10/10,#C8E6C9,848,200,,0.86
TST_060,2025-11-06T03:40:22.678Z,prod-api,small upright freezers (Freezer Refrigerator),PASS,10000.00%,10/10,#C8E6C9,1033,200,,1.05
TST_061,2025-11-06T03:40:24.591Z,prod-api,compact upright freezers (Freezer Refrigerator),PASS,10000.00%,10/10,#C8E6C9,848,200,,0.86
TST_062,2025-11-06T03:40:26.271Z,prod-api,ice cream freezers (Freezer Refrigerator),PASS,10000.00%,10/10,#C8E6C9,632,200,,0.64
TST_063,2025-11-06T03:40:29.264Z,prod-api,small deep freezers (Freezer Refrigerator),PASS,10000.00%,10/10,#C8E6C9,1890,200,,1.91
TST_064,2025-11-06T03:40:30.776Z,prod-api,small freezers chest (Freezer Refrigerator),PASS,10000.00%,10/10,#C8E6C9,599,200,,0.61
TST_065,2025-11-06T03:40:32.605Z,prod-api,commercial freezers (Freezer Refrigerator),PASS,10000.00%,10/10,#C8E6C9,891,200,,0.9
TST_066,2025-11-06T03:40:34.503Z,prod-api,frigidaire freezers upright (Freezer Refrigerator),PASS,10000.00%,1/1,#C8E6C9,976,200,,0.99
TST_067,2025-11-06T03:40:36.422Z,prod-api,garage ready freezers (Freezer Refrigerator),PASS,10000.00%,10/10,#C8E6C9,773,200,,0.79
TST_068,2025-11-06T03:40:38.389Z,prod-api,up right freezers (Freezer Refrigerator),PASS,10000.00%,10/10,#C8E6C9,815,200,,0.83
TST_069,2025-11-06T03:40:40.979Z,prod-api,freezers at lowes (Freezer Refrigerator),PASS,10000.00%,10/10,#C8E6C9,1534,200,,1.55
TST_070,2025-11-06T03:40:42.742Z,prod-api,freezers chest (Freezer Refrigerator),PASS,10000.00%,10/10,#C8E6C9,606,200,,0.62
TST_071,2025-11-06T03:40:44.603Z,prod-api,freezers upright (Freezer Refrigerator),PASS,10000.00%,10/10,#C8E6C9,633,200,,0.66
TST_072,2025-11-06T03:40:46.747Z,prod-api,frigidaire freezers (Freezer Refrigerator),PASS,10000.00%,1/1,#C8E6C9,1222,200,,1.24
TST_073,2025-11-06T03:40:48.588Z,prod-api,frost free upright freezers (Freezer Refrigerator),PASS,10000.00%,10/10,#C8E6C9,657,200,,0.67
TST_074,2025-11-06T03:40:50.630Z,prod-api,garage freezers (Freezer Refrigerator),PASS,10000.00%,10/10,#C8E6C9,836,200,,0.85
TST_075,2025-11-06T03:40:52.751Z,prod-api,7 cu ft chest freezers (Freezer Refrigerator),PASS,10000.00%,1/1,#C8E6C9,934,200,,0.95
TST_076,2025-11-06T03:40:55.136Z,prod-api,compact freezers (Freezer Refrigerator),PASS,10000.00%,10/10,#C8E6C9,1191,200,,1.21
TST_077,2025-11-06T03:40:56.720Z,prod-api,frigidaire upright freezers (Freezer Refrigerator),PASS,10000.00%,1/1,#C8E6C9,624,200,,0.64
TST_078,2025-11-06T03:40:59.055Z,prod-api,refrigerator freezers (Freezer Refrigerator),PASS,10000.00%,10/10,#C8E6C9,1106,200,,1.12
TST_079,2025-11-06T03:41:01.189Z,prod-api,refrigerators freezers (Freezer Refrigerator),PASS,10000.00%,10/10,#C8E6C9,688,200,,0.7
TST_080,2025-11-06T03:41:03.319Z,prod-api,stand up freezers (Freezer Refrigerator),PASS,10000.00%,10/10,#C8E6C9,967,200,,0.98
TST_081,2025-11-06T03:41:05.764Z,prod-api,compact chest freezers (Freezer Refrigerator),PASS,10000.00%,10/10,#C8E6C9,966,200,,0.98
TST_082,2025-11-06T03:41:07.701Z,prod-api,freezers upright frost free (Freezer Refrigerator),PASS,10000.00%,10/10,#C8E6C9,648,200,,0.66
TST_083,2025-11-06T03:41:10.649Z,prod-api,fridge freezers (Freezer Refrigerator),PASS,10000.00%,10/10,#C8E6C9,1405,200,,1.42
TST_084,2025-11-06T03:41:12.994Z,prod-api,frost free freezers (Freezer Refrigerator),PASS,10000.00%,10/10,#C8E6C9,814,200,,0.83
TST_085,2025-11-06T03:41:15.366Z,prod-api,frost free freezers upright (Freezer Refrigerator),PASS,10000.00%,10/10,#C8E6C9,924,200,,0.94
TST_086,2025-11-06T03:41:17.574Z,prod-api,garage ready upright freezers (Freezer Refrigerator),PASS,10000.00%,10/10,#C8E6C9,646,200,,0.66
TST_087,2025-11-06T03:41:19.629Z,prod-api,refrigerators without freezers (Freezer Refrigerator),PASS,10000.00%,10/10,#C8E6C9,608,200,,0.62
TST_088,2025-11-06T03:41:22.176Z,prod-api,small upright freezers frost free (Freezer Refrigerator),PASS,10000.00%,10/10,#C8E6C9,1120,200,,1.13
TST_089,2025-11-06T03:41:24.649Z,prod-api,small upright frost free freezers (Freezer Refrigerator),PASS,10000.00%,10/10,#C8E6C9,908,200,,0.91
TST_090,2025-11-06T03:41:26.997Z,prod-api,whirlpool freezers upright (Freezer Refrigerator),PASS,10000.00%,4/4,#C8E6C9,859,200,,0.88
TST_091,2025-11-06T03:41:29.426Z,prod-api,7 cubic ft chest freezers (Freezer Refrigerator),PASS,10000.00%,1/1,#C8E6C9,820,200,,0.84
TST_092,2025-11-06T03:41:31.846Z,prod-api,fridges & freezers (Freezer Refrigerator),PASS,10000.00%,4/4,#C8E6C9,812,200,,0.83
TST_093,2025-11-06T03:41:34.786Z,prod-api,mini fridges with freezers (Freezer Refrigerator),PASS,10000.00%,10/10,#C8E6C9,1421,200,,1.43
TST_094,2025-11-06T03:41:37.199Z,prod-api,under counter freezers (Freezer Refrigerator),PASS,10000.00%,10/10,#C8E6C9,791,200,,0.81
TST_095,2025-11-06T03:41:39.321Z,prod-api,deep freezers near me (Freezer Refrigerator),PASS,10000.00%,10/10,#C8E6C9,621,200,,0.64
TST_096,2025-11-06T03:41:42.248Z,prod-api,drawers for freezers (Freezer Refrigerator),PASS,10000.00%,10/10,#C8E6C9,1233,200,,1.24
TST_097,2025-11-06T03:41:44.222Z,prod-api,freezers and fridges (Freezer Refrigerator),REVIEW,N/A,0/0,#FFE0B2,601,200,No results returned; requires manual review.,0.61
TST_098,2025-11-06T03:41:46.592Z,prod-api,garage freezers upright (Freezer Refrigerator),PASS,10000.00%,10/10,#C8E6C9,668,200,,0.68
TST_099,2025-11-06T03:41:48.836Z,prod-api,ge freezers (Freezer Refrigerator),PASS,10000.00%,10/10,#C8E6C9,581,200,,0.59
TST_100,2025-11-06T03:41:51.214Z,prod-api,ge freezers upright (Freezer Refrigerator),PASS,10000.00%,6/6,#C8E6C9,757,200,,0.77
TST_101,2025-11-06T03:41:53.516Z,prod-api,ice maker (Ice Maker Refrigerator),PASS,10000.00%,10/10,#C8E6C9,572,200,,0.58
TST_102,2025-11-06T03:41:55.915Z,prod-api,nugget ice maker (Ice Maker Refrigerator),PASS,10000.00%,8/8,#C8E6C9,764,200,,0.78
TST_103,2025-11-06T03:41:58.333Z,prod-api,frigidaire ice maker (Ice Maker Refrigerator),REVIEW,N/A,0/0,#FFE0B2,747,200,No results returned; requires manual review.,0.76
TST_104,2025-11-06T03:42:00.738Z,prod-api,countertop ice maker (Ice Maker Refrigerator),PASS,10000.00%,10/10,#C8E6C9,618,200,,0.63
TST_105,2025-11-06T03:42:03.487Z,prod-api,ice maker machine (Ice Maker Refrigerator),PASS,10000.00%,10/10,#C8E6C9,997,200,,1.01
TST_106,2025-11-06T03:42:05.721Z,prod-api,counter top ice maker (Ice Maker Refrigerator),PASS,10000.00%,10/10,#C8E6C9,639,200,,0.65
TST_107,2025-11-06T03:42:07.961Z,prod-api,crushed ice maker (Ice Maker Refrigerator),PASS,10000.00%,10/10,#C8E6C9,584,200,,0.6
TST_108,2025-11-06T03:42:10.971Z,prod-api,ge profile ice maker (Ice Maker Refrigerator),REVIEW,N/A,0/0,#FFE0B2,1555,200,No results returned; requires manual review.,1.57
TST_109,2025-11-06T03:42:13.794Z,prod-api,ice machine maker (Ice Maker Refrigerator),PASS,10000.00%,10/10,#C8E6C9,1010,200,,1.02
TST_110,2025-11-06T03:42:16.438Z,prod-api,ice maker countertop (Ice Maker Refrigerator),PASS,10000.00%,10/10,#C8E6C9,932,200,,0.94
TST_111,2025-11-06T03:42:18.532Z,prod-api,pebble ice maker (Ice Maker Refrigerator),PASS,10000.00%,10/10,#C8E6C9,589,200,,0.6
TST_112,2025-11-06T03:42:20.901Z,prod-api,commercial ice maker (Ice Maker Refrigerator),PASS,10000.00%,10/10,#C8E6C9,653,200,,0.67
TST_113,2025-11-06T03:42:23.407Z,prod-api,undercounter ice maker (Ice Maker Refrigerator),PASS,10000.00%,10/10,#C8E6C9,790,200,,0.8
TST_114,2025-11-06T03:42:25.601Z,prod-api,ge ice maker (Ice Maker Refrigerator),PASS,10000.00%,2/2,#C8E6C9,570,200,,0.58
TST_115,2025-11-06T03:42:27.776Z,prod-api,ice cube maker (Ice Maker Refrigerator),PASS,10000.00%,10/10,#C8E6C9,562,200,,0.58
TST_116,2025-11-06T03:42:30.313Z,prod-api,under counter ice maker (Ice Maker Refrigerator),PASS,10000.00%,10/10,#C8E6C9,822,200,,0.84
TST_117,2025-11-06T03:42:32.607Z,prod-api,ge opal ice maker (Ice Maker Refrigerator),PASS,10000.00%,10/10,#C8E6C9,894,200,,0.91
TST_118,2025-11-06T03:42:35.221Z,prod-api,nugget ice maker countertop (Ice Maker Refrigerator),PASS,10000.00%,6/6,#C8E6C9,893,200,,0.91
TST_119,2025-11-06T03:42:37.630Z,prod-api,pellet ice maker (Ice Maker Refrigerator),PASS,10000.00%,10/10,#C8E6C9,591,200,,0.6
TST_120,2025-11-06T03:42:40.040Z,prod-api,small ice maker (Ice Maker Refrigerator),PASS,10000.00%,2/2,#C8E6C9,953,200,,0.96
TST_121,2025-11-06T03:42:42.688Z,prod-api,countertop nugget ice maker (Ice Maker Refrigerator),PASS,10000.00%,6/6,#C8E6C9,1126,200,,1.14
TST_122,2025-11-06T03:42:45.412Z,prod-api,frigidaire gallery ice maker (Ice Maker Refrigerator),REVIEW,N/A,0/0,#FFE0B2,924,200,No results returned; requires manual review.,0.94
TST_123,2025-11-06T03:42:47.732Z,prod-api,home ice maker (Ice Maker Refrigerator),PASS,10000.00%,10/10,#C8E6C9,575,200,,0.58
TST_124,2025-11-06T03:42:50.479Z,prod-api,whirlpool ice maker (Ice Maker Refrigerator),PASS,10000.00%,4/4,#C8E6C9,903,200,,0.92
TST_125,2025-11-06T03:42:53.590Z,prod-api,clear ice maker (Ice Maker Refrigerator),PASS,10000.00%,10/10,#C8E6C9,1151,200,,1.16
TST_126,2025-11-06T03:42:56.673Z,prod-api,counter ice maker (Ice Maker Refrigerator),PASS,10000.00%,10/10,#C8E6C9,1168,200,,1.18
TST_127,2025-11-06T03:42:59.198Z,prod-api,frigidaire nugget ice maker (Ice Maker Refrigerator),REVIEW,N/A,0/0,#FFE0B2,626,200,No results returned; requires manual review.,0.64
TST_128,2025-11-06T03:43:01.572Z,prod-api,ge nugget ice maker (Ice Maker Refrigerator),PASS,10000.00%,1/1,#C8E6C9,611,200,,0.62
TST_129,2025-11-06T03:43:03.808Z,prod-api,ice maker machine countertop (Ice Maker Refrigerator),PASS,10000.00%,10/10,#C8E6C9,583,200,,0.6
TST_130,2025-11-06T03:43:06.075Z,prod-api,kitchenaid ice maker (Ice Maker Refrigerator),PASS,10000.00%,10/10,#C8E6C9,760,200,,0.77
TST_131,2025-11-06T03:43:08.563Z,prod-api,mini ice maker (Ice Maker Refrigerator),PASS,10000.00%,2/2,#C8E6C9,568,200,,0.58
TST_132,2025-11-06T03:43:10.996Z,prod-api,refrigerator with ice maker (Ice Maker Refrigerator),PASS,10000.00%,10/10,#C8E6C9,597,200,,0.61
TST_133,2025-11-06T03:43:13.352Z,prod-api,icemaker (Ice Maker Refrigerator),PASS,10000.00%,100/100,#C8E6C9,363,200,,0.39
TST_134,2025-11-06T03:43:16.187Z,prod-api,ge icemaker (Ice Maker Refrigerator),PASS,10000.00%,2/2,#C8E6C9,733,200,,0.75
TST_135,2025-11-06T03:43:18.429Z,prod-api,whirlpool icemaker (Ice Maker Refrigerator),PASS,10000.00%,4/4,#C8E6C9,599,200,,0.61
TST_136,2025-11-06T03:43:20.455Z,prod-api,nugget icemaker (Ice Maker Refrigerator),PASS,10000.00%,8/8,#C8E6C9,616,200,,0.63
TST_137,2025-11-06T03:43:22.692Z,prod-api,kitchenaid icemaker (Ice Maker Refrigerator),PASS,10000.00%,10/10,#C8E6C9,595,200,,0.61
TST_138,2025-11-06T03:43:25.650Z,prod-api,portable icemaker (Ice Maker Refrigerator),PASS,10000.00%,10/10,#C8E6C9,923,200,,0.94
TST_139,2025-11-06T03:43:27.533Z,prod-api,icemakers (Ice Maker Refrigerator),PASS,10000.00%,100/100,#C8E6C9,158,200,,0.18
TST_140,2025-11-06T03:43:30.086Z,prod-api,fridge with icemaker (Ice Maker Refrigerator),PASS,10000.00%,10/10,#C8E6C9,725,200,,0.74
TST_141,2025-11-06T03:43:32.934Z,prod-api,icemaker machine (Ice Maker Refrigerator),PASS,10000.00%,10/10,#C8E6C9,703,200,,0.72
TST_142,2025-11-06T03:43:35.551Z,prod-api,refrigerator with icemaker (Ice Maker Refrigerator),PASS,10000.00%,10/10,#C8E6C9,668,200,,0.68
TST_143,2025-11-06T03:43:38.751Z,prod-api,refrigerators with dual icemakers (Ice Maker Refrigerator),PASS,10000.00%,10/10,#C8E6C9,1034,200,,1.05
TST_144,2025-11-06T03:43:41.462Z,prod-api,undercounter icemaker (Ice Maker Refrigerator),PASS,10000.00%,10/10,#C8E6C9,770,200,,0.79
TST_145,2025-11-06T03:43:44.417Z,prod-api,whirlpool refrigerator icemaker (Ice Maker Refrigerator),PASS,10000.00%,10/10,#C8E6C9,874,200,,0.89
TST_146,2025-11-06T03:43:47.044Z,prod-api,countertop icemaker (Ice Maker Refrigerator),PASS,10000.00%,10/10,#C8E6C9,595,200,,0.61
TST_147,2025-11-06T03:43:49.328Z,prod-api,frigidaire icemaker (Ice Maker Refrigerator),REVIEW,N/A,0/0,#FFE0B2,538,200,No results returned; requires manual review.,0.55
TST_148,2025-11-06T03:43:52.167Z,prod-api,home icemaker (Ice Maker Refrigerator),PASS,10000.00%,10/10,#C8E6C9,770,200,,0.78
TST_149,2025-11-06T03:43:54.574Z,prod-api,lg icemaker (Ice Maker Refrigerator),REVIEW,N/A,0/0,#FFE0B2,543,200,No results returned; requires manual review.,0.55
TST_150,2025-11-06T03:43:57.091Z,prod-api,subzero icemaker (Ice Maker Refrigerator),REVIEW,N/A,0/0,#FFE0B2,925,200,No results returned; requires manual review.,0.94
TST_151,2025-11-06T03:43:59.298Z,prod-api,wine cooler (Wine Cooler),PASS,10000.00%,10/10,#C8E6C9,658,200,,0.67
TST_152,2025-11-06T03:44:01.476Z,prod-api,wine cooler fridge (Wine Cooler),PASS,10000.00%,10/10,#C8E6C9,607,200,,0.61
TST_153,2025-11-06T03:44:03.515Z,prod-api,wine enthusiast wine cooler (Wine Cooler),PASS,10000.00%,10/10,#C8E6C9,645,200,,0.66
TST_154,2025-11-06T03:44:06.780Z,prod-api,under counter wine cooler (Wine Cooler),PASS,10000.00%,10/10,#C8E6C9,1268,200,,1.28
TST_155,2025-11-06T03:44:09.803Z,prod-api,undercounter ge wine cooler built in (Wine Cooler),PASS,10000.00%,1/1,#C8E6C9,767,200,,0.78
TST_156,2025-11-06T03:44:12.998Z,prod-api,frigidaire wine cooler (Wine Cooler),REVIEW,N/A,0/0,#FFE0B2,928,200,No results returned; requires manual review.,0.94
TST_157,2025-11-06T03:44:16.310Z,prod-api,vinotemp wine cooler (Wine Cooler),PASS,10000.00%,10/10,#C8E6C9,917,200,,0.93
TST_158,2025-11-06T03:44:19.792Z,prod-api,wine cooler under counter (Wine Cooler),PASS,10000.00%,10/10,#C8E6C9,1229,200,,1.24
TST_159,2025-11-06T03:44:22.977Z,prod-api,small wine cooler (Wine Cooler),PASS,10000.00%,1/1,#C8E6C9,1060,200,,1.07
TST_160,2025-11-06T03:44:25.938Z,prod-api,wine and beverage cooler (Wine Cooler),PASS,10000.00%,10/10,#C8E6C9,709,200,,0.72
TST_161,2025-11-06T03:44:28.849Z,prod-api,wine cellar cooling unit (Wine Cooler),FAIL,0.00%,0/10,#FFCDD2,729,200,"Matched 0 of 10 item(s). Sample mismatches: {categoryName: ""Cooking"", productName: ""Bosch 500 Series 30"" 2.1 cu. ft. Sensor Cooking, Automatic Defrost, Popcorn Program and LED Lighting Over the Range Microwave""}, {categoryName: ""Cooking"", productName: ""GE 1.6 Cu. Ft. Over-the-Range Microwave Oven in Stainless Steel with 300 CFM Exhaust Fan, 1,000 Cooking Watts, Auto and Time Defrost and Convenience Cooking Controls""}, {categoryName: ""Cooking"", productName: ""GE 1.7 Cu. Ft. Weight and Time Defrost, Clock and Timer and Charcoal Filter: Stainless Steel Over-the-Range Sensor Microwave Oven""}",0.74
TST_162,2025-11-06T03:44:35.328Z,prod-api,wine cooler cabinet (Wine Cooler),PASS,10000.00%,10/10,#C8E6C9,997,200,,1.03
TST_163,2025-11-06T03:44:38.256Z,prod-api,beverage wine cooler refrigerator (Wine Cooler),PASS,10000.00%,10/10,#C8E6C9,872,200,,0.89
TST_164,2025-11-06T03:44:41.215Z,prod-api,haier wine cooler (Wine Cooler),REVIEW,N/A,0/0,#FFE0B2,894,200,No results returned; requires manual review.,0.92
TST_165,2025-11-06T03:44:43.457Z,prod-api,wine beverage cooler (Wine Cooler),PASS,10000.00%,10/10,#C8E6C9,591,200,,0.61
TST_166,2025-11-06T03:44:46.020Z,prod-api,wine fridge cooler (Wine Cooler),PASS,10000.00%,10/10,#C8E6C9,624,200,,0.64
TST_167,2025-11-06T03:44:48.534Z,prod-api,24 bottle wine cooler with glass storage (Wine Cooler),PASS,10000.00%,10/10,#C8E6C9,691,200,,0.7
TST_168,2025-11-06T03:44:50.970Z,prod-api,wine and beer cooler (Wine Cooler),FAIL,5000.00%,5/10,#FFCDD2,649,200,"Matched 5 of 10 item(s). Sample mismatches: {categoryName: ""Cooking"", productName: ""GE Profile 2.1 Cu. Ft. Over-the-range Microwave with Sensor Cooking""}, {categoryName: ""Cooking"", productName: ""LG 30 Inch Over-the-Range Smart Microwave Oven with 1.7 cu. ft. Capacity, 300 CFM Exhaust, Air Fry, Convection Cooking, Sensor Cook, Add 30 Seconds - Stainless Steel""}, {categoryName: ""Cooking"", productName: ""Cafe 2.1 Cu. Ft. Over-the-Range Microwave Oven with Sensor Cooking in Stainless Steel""}",0.67
TST_169,2025-11-06T03:44:57.635Z,prod-api,wine bottle cooler (Wine Cooler),FAIL,3000.00%,3/10,#FFCDD2,1473,200,"Matched 3 of 10 item(s). Sample mismatches: {categoryName: ""Cooking"", productName: ""Bosch 500 Series 30"" 2.1 cu. ft. Sensor Cooking, Automatic Defrost, Popcorn Program and LED Lighting Over the Range Microwave""}, {categoryName: ""Cooking"", productName: ""GE 1.6 Cu. Ft. Over-the-Range Microwave Oven in Stainless Steel with 300 CFM Exhaust Fan, 1,000 Cooking Watts, Auto and Time Defrost and Convenience Cooking Controls""}, {categoryName: ""Cooking"", productName: ""GE 1.7 Cu. Ft. Weight and Time Defrost, Clock and Timer and Charcoal Filter: Stainless Steel Over-the-Range Sensor Microwave Oven""}",1.5
TST_170,2025-11-06T03:45:03.847Z,prod-api,wine cellar cooling systems (Wine Cooler),FAIL,0.00%,0/10,#FFCDD2,1358,200,"Matched 0 of 10 item(s). Sample mismatches: {categoryName: ""Cooking"", productName: ""Bosch 500 Series 30"" 2.1 cu. ft. Sensor Cooking, Automatic Defrost, Popcorn Program and LED Lighting Over the Range Microwave""}, {categoryName: ""Cooking"", productName: ""GE 1.6 Cu. Ft. Over-the-Range Microwave Oven in Stainless Steel with 300 CFM Exhaust Fan, 1,000 Cooking Watts, Auto and Time Defrost and Convenience Cooking Controls""}, {categoryName: ""Cooking"", productName: ""GE 1.7 Cu. Ft. Weight and Time Defrost, Clock and Timer and Charcoal Filter: Stainless Steel Over-the-Range Sensor Microwave Oven""}",1.39
TST_171,2025-11-06T03:45:10.205Z,prod-api,zephyr wine cooler (Wine Cooler),PASS,10000.00%,10/10,#C8E6C9,1348,200,,1.38
TST_172,2025-11-06T03:45:12.957Z,prod-api,avanti wine cooler (Wine Cooler),PASS,10000.00%,1/1,#C8E6C9,903,200,,0.92
TST_173,2025-11-06T03:45:15.967Z,prod-api,built in wine cooler (Wine Cooler),PASS,10000.00%,10/10,#C8E6C9,1067,200,,1.08
TST_174,2025-11-06T03:45:18.964Z,prod-api,countertop wine cooler (Wine Cooler),PASS,10000.00%,10/10,#C8E6C9,999,200,,1.02
TST_175,2025-11-06T03:45:20.991Z,prod-api,cuisinart wine cooler (Wine Cooler),PASS,10000.00%,10/10,#C8E6C9,577,200,,0.59
TST_176,2025-11-06T03:45:23.446Z,prod-api,danby wine cooler (Wine Cooler),REVIEW,N/A,0/0,#FFE0B2,541,200,No results returned; requires manual review.,0.55
TST_177,2025-11-06T03:45:25.993Z,prod-api,dual zone wine cooler (Wine Cooler),PASS,10000.00%,10/10,#C8E6C9,825,200,,0.84
TST_178,2025-11-06T03:45:28.642Z,prod-api,side exhaust wine cooler (Wine Cooler),PASS,10000.00%,10/10,#C8E6C9,1115,200,,1.13
TST_179,2025-11-06T03:45:30.804Z,prod-api,side exit wine cooler (Wine Cooler),PASS,10000.00%,10/10,#C8E6C9,616,200,,0.62
TST_180,2025-11-06T03:45:33.679Z,prod-api,wine cellar cooling units (Wine Cooler),FAIL,0.00%,0/10,#FFCDD2,1030,200,"Matched 0 of 10 item(s). Sample mismatches: {categoryName: ""Cooking"", productName: ""Bosch 500 Series 30"" 2.1 cu. ft. Sensor Cooking, Automatic Defrost, Popcorn Program and LED Lighting Over the Range Microwave""}, {categoryName: ""Cooking"", productName: ""GE 1.6 Cu. Ft. Over-the-Range Microwave Oven in Stainless Steel with 300 CFM Exhaust Fan, 1,000 Cooking Watts, Auto and Time Defrost and Convenience Cooking Controls""}, {categoryName: ""Cooking"", productName: ""GE 1.7 Cu. Ft. Weight and Time Defrost, Clock and Timer and Charcoal Filter: Stainless Steel Over-the-Range Sensor Microwave Oven""}",1.06
TST_181,2025-11-06T03:45:39.570Z,prod-api,wine enthusiast cooler (Wine Cooler),FAIL,0.00%,0/10,#FFCDD2,1139,200,"Matched 0 of 10 item(s). Sample mismatches: {categoryName: ""Cooking"", productName: ""Bosch 500 Series 30"" 2.1 cu. ft. Sensor Cooking, Automatic Defrost, Popcorn Program and LED Lighting Over the Range Microwave""}, {categoryName: ""Cooking"", productName: ""GE 1.6 Cu. Ft. Over-the-Range Microwave Oven in Stainless Steel with 300 CFM Exhaust Fan, 1,000 Cooking Watts, Auto and Time Defrost and Convenience Cooking Controls""}, {categoryName: ""Cooking"", productName: ""GE 1.7 Cu. Ft. Weight and Time Defrost, Clock and Timer and Charcoal Filter: Stainless Steel Over-the-Range Sensor Microwave Oven""}",1.17
TST_182,2025-11-06T03:45:45.843Z,prod-api,beer wine cooler (Wine Cooler),PASS,10000.00%,10/10,#C8E6C9,1268,200,,1.3
TST_183,2025-11-06T03:45:48.844Z,prod-api,cool wine fridges (Wine Cooler),PASS,10000.00%,9/9,#C8E6C9,1149,200,,1.17
TST_184,2025-11-06T03:45:51.918Z,prod-api,fridge and wine cooler (Wine Cooler),PASS,10000.00%,10/10,#C8E6C9,807,200,,0.82
TST_185,2025-11-06T03:45:54.559Z,prod-api,haier cooler wine (Wine Cooler),REVIEW,N/A,0/0,#FFE0B2,553,200,No results returned; requires manual review.,0.56
TST_186,2025-11-06T03:45:57.453Z,prod-api,undercounter wine cooler (Wine Cooler),PASS,10000.00%,10/10,#C8E6C9,816,200,,0.83
TST_187,2025-11-06T03:46:00.451Z,prod-api,wine cabinet with wine cooler (Wine Cooler),PASS,10000.00%,10/10,#C8E6C9,857,200,,0.86
TST_188,2025-11-06T03:46:03.415Z,prod-api,wine cellar cooling (Wine Cooler),FAIL,0.00%,0/10,#FFCDD2,753,200,"Matched 0 of 10 item(s). Sample mismatches: {categoryName: ""Cooking"", productName: ""Bosch 500 Series 30"" 2.1 cu. ft. Sensor Cooking, Automatic Defrost, Popcorn Program and LED Lighting Over the Range Microwave""}, {categoryName: ""Cooking"", productName: ""GE 1.6 Cu. Ft. Over-the-Range Microwave Oven in Stainless Steel with 300 CFM Exhaust Fan, 1,000 Cooking Watts, Auto and Time Defrost and Convenience Cooking Controls""}, {categoryName: ""Cooking"", productName: ""GE 1.7 Cu. Ft. Weight and Time Defrost, Clock and Timer and Charcoal Filter: Stainless Steel Over-the-Range Sensor Microwave Oven""}",0.77
TST_189,2025-11-06T03:46:09.735Z,prod-api,wine cooler dual zone (Wine Cooler),PASS,10000.00%,10/10,#C8E6C9,1368,200,,1.39
TST_190,2025-11-06T03:46:12.799Z,prod-api,kitchen aid wine cooler with small handle (Wine Cooler),PASS,10000.00%,8/8,#C8E6C9,945,200,,0.97
TST_191,2025-11-06T03:46:15.992Z,prod-api,kitchenaid wine cooler (Wine Cooler),PASS,10000.00%,8/8,#C8E6C9,961,200,,0.98
TST_192,2025-11-06T03:46:18.857Z,prod-api,marvel wine cooler (Wine Cooler),PASS,10000.00%,10/10,#C8E6C9,647,200,,0.66
TST_193,2025-11-06T03:46:21.361Z,prod-api,winecooler (Wine Cooler),PASS,10000.00%,100/100,#C8E6C9,286,200,,0.31
TST_194,2025-11-06T03:46:24.511Z,prod-api,wine refrigerator (Wine Cooler),PASS,10000.00%,10/10,#C8E6C9,1160,200,,1.18
TST_195,2025-11-06T03:46:27.555Z,prod-api,wine refrigerator cabinet (Wine Cooler),PASS,10000.00%,2/2,#C8E6C9,933,200,,0.95
TST_196,2025-11-06T03:46:30.288Z,prod-api,wine refrigerators (Wine Cooler),PASS,10000.00%,10/10,#C8E6C9,650,200,,0.67
TST_197,2025-11-06T03:46:33.330Z,prod-api,under counter wine refrigerator (Wine Cooler),PASS,10000.00%,10/10,#C8E6C9,1020,200,,1.04
TST_198,2025-11-06T03:46:36.347Z,prod-api,wine refrigerators small (Wine Cooler),PASS,10000.00%,10/10,#C8E6C9,731,200,,0.75
TST_199,2025-11-06T03:46:39.261Z,prod-api,dual zone wine refrigerator (Wine Cooler),PASS,10000.00%,10/10,#C8E6C9,628,200,,0.64
TST_200,2025-11-06T03:46:41.945Z,prod-api,wine and beverage refrigerator (Wine Cooler),PASS,10000.00%,2/2,#C8E6C9,766,200,,0.78
TST_201,2025-11-06T03:46:44.575Z,prod-api,beer cooler (Beer Coolers Kegerator),FAIL,4000.00%,4/10,#FFCDD2,768,200,"Matched 4 of 10 item(s). Sample mismatches: {categoryName: ""Refrigerators"", productName: ""U-Line 24"" Keg Refrigerator With Stainless Solid Finish,  Chrome Plated Wire Shelves, Interior Stainless Steel Liner, 5.5 Cu. Ft. Capacity EnergyStar® and Star-K Certified""}, {categoryName: ""Refrigerators"", productName: ""Marvel 24-in Built-in Dispenser with Twin Wine & Beverage Tap with Door Style - Panel Ready, Dispenser Type - Twin Wine""}, {categoryName: ""Refrigerators"", productName: ""Marvel 24-in Built-in Dispenser with Single Wine & Beverage Tap with Door Style - Panel Ready, Dispenser Type - Single Wine""}",0.78
TST_202,2025-11-06T03:46:50.937Z,prod-api,beer cooler fridge (Beer Coolers Kegerator),FAIL,0.00%,0/10,#FFCDD2,1658,200,"Matched 0 of 10 item(s). Sample mismatches: {categoryName: ""Refrigerators"", productName: ""Bosch 36"" 21 cu ft Smart Counter Depth French Door Bottom Freezer Refrigerator with Ice & Water""}, {categoryName: ""Refrigerators"", productName: ""Bosch 800 Series French Door Bottom Mount Refrigerator 36"" Stainless steel with anti-fingerprint, Ice Maker, Touch Control Panel""}, {categoryName: ""Refrigerators"", productName: ""Bosch 20.8 cu ft Smart Counter Depth French Door Refrigerator with Internal Water Dispenser & Ice""}",1.68
TST_203,2025-11-06T03:46:57.094Z,prod-api,wine and beer cooler (Beer Coolers Kegerator),FAIL,5000.00%,5/10,#FFCDD2,903,200,"Matched 5 of 10 item(s). Sample mismatches: {categoryName: ""Cooking"", productName: ""GE Profile 2.1 Cu. Ft. Over-the-range Microwave with Sensor Cooking""}, {categoryName: ""Cooking"", productName: ""LG 30 Inch Over-the-Range Smart Microwave Oven with 1.7 cu. ft. Capacity, 300 CFM Exhaust, Air Fry, Convection Cooking, Sensor Cook, Add 30 Seconds - Stainless Steel""}, {categoryName: ""Cooking"", productName: ""Cafe 2.1 Cu. Ft. Over-the-Range Microwave Oven with Sensor Cooking in Stainless Steel""}",0.93
TST_204,2025-11-06T03:47:02.696Z,prod-api,beer wine cooler (Beer Coolers Kegerator),PASS,10000.00%,10/10,#C8E6C9,367,200,,0.4
TST_205,2025-11-06T03:47:06.482Z,prod-api,beer fridge (Beer Coolers Kegerator),FAIL,0.00%,0/10,#FFCDD2,1584,200,"Matched 0 of 10 item(s). Sample mismatches: {categoryName: ""Refrigerators"", productName: ""Bosch 36"" 21 cu ft Smart Counter Depth French Door Bottom Freezer Refrigerator with Ice & Water""}, {categoryName: ""Refrigerators"", productName: ""Bosch 800 Series French Door Bottom Mount Refrigerator 36"" Stainless steel with anti-fingerprint, Ice Maker, Touch Control Panel""}, {categoryName: ""Refrigerators"", productName: ""Bosch 20.8 cu ft Smart Counter Depth French Door Refrigerator with Internal Water Dispenser & Ice""}",1.6
TST_206,2025-11-06T03:47:12.584Z,prod-api,wine and beer fridge (Beer Coolers Kegerator),FAIL,1000.00%,1/10,#FFCDD2,919,200,"Matched 1 of 10 item(s). Sample mismatches: {categoryName: ""Refrigerators"", productName: ""Bosch 36"" 21 cu ft Smart Counter Depth French Door Bottom Freezer Refrigerator with Ice & Water""}, {categoryName: ""Refrigerators"", productName: ""Bosch 800 Series French Door Bottom Mount Refrigerator 36"" Stainless steel with anti-fingerprint, Ice Maker, Touch Control Panel""}, {categoryName: ""Refrigerators"", productName: ""Bosch 20.8 cu ft Smart Counter Depth French Door Refrigerator with Internal Water Dispenser & Ice""}",0.95
TST_207,2025-11-06T03:47:18.995Z,prod-api,mini beer fridge (Beer Coolers Kegerator),FAIL,0.00%,0/10,#FFCDD2,1300,200,"Matched 0 of 10 item(s). Sample mismatches: {categoryName: ""Refrigerators"", productName: ""Bosch 800 Series French Door Bottom Mount Refrigerator 36"" Stainless steel with anti-fingerprint, Ice Maker, Touch Control Panel""}, {categoryName: ""Refrigerators"", productName: ""LG 29 cu. ft. Standard-Depth MAX French Door Refrigerator with Dual Ice Maker, Linear Cooling(TM), SmartDiagnosis(TM), 6 Door Bins - Stainless Steel""}, {categoryName: ""Refrigerators"", productName: ""Bosch 36"" 21 cu ft Smart Counter Depth French Door Bar Handle Refrigerator with Ice and Water""}",1.33
TST_208,2025-11-06T03:47:24.991Z,prod-api,mini fridge with beer (Beer Coolers Kegerator),FAIL,9000.00%,9/10,#FFCDD2,890,200,"Matched 9 of 10 item(s). Sample mismatches: {categoryName: ""Refrigerators"", productName: ""LG 23 cu. ft. Door-In-Door 4-Door French Door Refrigerator, Dual and Craft Ice, Counter Depth""}",0.92
TST_209,2025-11-06T03:47:30.486Z,prod-api,beer cooler fridge (Beer Coolers Kegerator),FAIL,0.00%,0/10,#FFCDD2,374,200,"Matched 0 of 10 item(s). Sample mismatches: {categoryName: ""Refrigerators"", productName: ""Bosch 36"" 21 cu ft Smart Counter Depth French Door Bottom Freezer Refrigerator with Ice & Water""}, {categoryName: ""Refrigerators"", productName: ""Bosch 800 Series French Door Bottom Mount Refrigerator 36"" Stainless steel with anti-fingerprint, Ice Maker, Touch Control Panel""}, {categoryName: ""Refrigerators"", productName: ""Bosch 20.8 cu ft Smart Counter Depth French Door Refrigerator with Internal Water Dispenser & Ice""}",0.4
TST_210,2025-11-06T03:47:36.824Z,prod-api,wine beer fridge (Beer Coolers Kegerator),FAIL,0.00%,0/10,#FFCDD2,1191,200,"Matched 0 of 10 item(s). Sample mismatches: {categoryName: ""Refrigerators"", productName: ""Bosch 36"" 21 cu ft Smart Counter Depth French Door Bottom Freezer Refrigerator with Ice & Water""}, {categoryName: ""Refrigerators"", productName: ""Bosch 800 Series French Door Bottom Mount Refrigerator 36"" Stainless steel with anti-fingerprint, Ice Maker, Touch Control Panel""}, {categoryName: ""Refrigerators"", productName: ""Bosch 20.8 cu ft Smart Counter Depth French Door Refrigerator with Internal Water Dispenser & Ice""}",1.22
TST_211,2025-11-06T03:47:43.002Z,prod-api,garage beer fridge (Beer Coolers Kegerator),FAIL,0.00%,0/10,#FFCDD2,925,200,"Matched 0 of 10 item(s). Sample mismatches: {categoryName: ""Refrigerators"", productName: ""Bosch 36"" 21 cu ft Smart Counter Depth French Door Bottom Freezer Refrigerator with Ice & Water""}, {categoryName: ""Refrigerators"", productName: ""Bosch 800 Series French Door Bottom Mount Refrigerator 36"" Stainless steel with anti-fingerprint, Ice Maker, Touch Control Panel""}, {categoryName: ""Refrigerators"", productName: ""Bosch 20.8 cu ft Smart Counter Depth French Door Refrigerator with Internal Water Dispenser & Ice""}",0.95
TST_212,2025-11-06T03:47:49.064Z,prod-api,beer and wine fridge (Beer Coolers Kegerator),FAIL,1000.00%,1/10,#FFCDD2,919,200,"Matched 1 of 10 item(s). Sample mismatches: {categoryName: ""Refrigerators"", productName: ""Bosch 36"" 21 cu ft Smart Counter Depth French Door Bottom Freezer Refrigerator with Ice & Water""}, {categoryName: ""Refrigerators"", productName: ""Bosch 800 Series French Door Bottom Mount Refrigerator 36"" Stainless steel with anti-fingerprint, Ice Maker, Touch Control Panel""}, {categoryName: ""Refrigerators"", productName: ""Bosch 20.8 cu ft Smart Counter Depth French Door Refrigerator with Internal Water Dispenser & Ice""}",0.95
TST_213,2025-11-06T03:47:55.341Z,prod-api,commercial beer fridge (Beer Coolers Kegerator),FAIL,0.00%,0/10,#FFCDD2,1003,200,"Matched 0 of 10 item(s). Sample mismatches: {categoryName: ""Refrigerators"", productName: ""Bosch 36"" 21 cu ft Smart Counter Depth French Door Bottom Freezer Refrigerator with Ice & Water""}, {categoryName: ""Refrigerators"", productName: ""Bosch 800 Series French Door Bottom Mount Refrigerator 36"" Stainless steel with anti-fingerprint, Ice Maker, Touch Control Panel""}, {categoryName: ""Refrigerators"", productName: ""Bosch 20.8 cu ft Smart Counter Depth French Door Refrigerator with Internal Water Dispenser & Ice""}",1.03
TST_214,2025-11-06T03:48:00.811Z,prod-api,fridge beer cooler (Beer Coolers Kegerator),FAIL,0.00%,0/10,#FFCDD2,943,200,"Matched 0 of 10 item(s). Sample mismatches: {categoryName: ""Refrigerators"", productName: ""Bosch 36"" 21 cu ft Smart Counter Depth French Door Bottom Freezer Refrigerator with Ice & Water""}, {categoryName: ""Refrigerators"", productName: ""Bosch 800 Series French Door Bottom Mount Refrigerator 36"" Stainless steel with anti-fingerprint, Ice Maker, Touch Control Panel""}, {categoryName: ""Refrigerators"", productName: ""Bosch 20.8 cu ft Smart Counter Depth French Door Refrigerator with Internal Water Dispenser & Ice""}",0.97
TST_215,2025-11-06T03:48:07.282Z,prod-api,beer fridge refrigerator (Beer Coolers Kegerator),PASS,10000.00%,10/10,#C8E6C9,1271,200,,1.3
TST_216,2025-11-06T03:48:09.953Z,prod-api,beer mini fridge (Beer Coolers Kegerator),FAIL,0.00%,0/10,#FFCDD2,617,200,"Matched 0 of 10 item(s). Sample mismatches: {categoryName: ""Refrigerators"", productName: ""Bosch 36"" 21 cu ft Smart Counter Depth French Door Bottom Freezer Refrigerator with Ice & Water""}, {categoryName: ""Refrigerators"", productName: ""Bosch 800 Series French Door Bottom Mount Refrigerator 36"" Stainless steel with anti-fingerprint, Ice Maker, Touch Control Panel""}, {categoryName: ""Refrigerators"", productName: ""Bosch 20.8 cu ft Smart Counter Depth French Door Refrigerator with Internal Water Dispenser & Ice""}",0.64
TST_217,2025-11-06T03:48:15.665Z,prod-api,kegerator (Beer Coolers Kegerator),FAIL,7200.00%,72/100,#FFCDD2,559,200,"Matched 72 of 100 item(s). Sample mismatches: {categoryName: ""Refrigerators"", productName: ""U-Line 24"" Keg Refrigerator With Stainless Solid Finish,  Chrome Plated Wire Shelves, Interior Stainless Steel Liner, 5.5 Cu. Ft. Capacity EnergyStar® and Star-K Certified""}, {categoryName: ""Refrigerators"", productName: ""Marvel 24-in Built-in Dispenser with Twin Wine & Beverage Tap with Door Style - Panel Ready, Dispenser Type - Twin Wine""}, {categoryName: ""Refrigerators"", productName: ""Marvel 24-in Built-in Dispenser with Single Wine & Beverage Tap with Door Style - Panel Ready, Dispenser Type - Single Wine""}",0.6
TST_218,2025-11-06T03:48:21.237Z,prod-api,kegerators (Beer Coolers Kegerator),FAIL,7200.00%,72/100,#FFCDD2,534,200,"Matched 72 of 100 item(s). Sample mismatches: {categoryName: ""Refrigerators"", productName: ""U-Line 24"" Keg Refrigerator With Stainless Solid Finish,  Chrome Plated Wire Shelves, Interior Stainless Steel Liner, 5.5 Cu. Ft. Capacity EnergyStar® and Star-K Certified""}, {categoryName: ""Refrigerators"", productName: ""Marvel 24-in Built-in Dispenser with Twin Wine & Beverage Tap with Door Style - Panel Ready, Dispenser Type - Twin Wine""}, {categoryName: ""Refrigerators"", productName: ""Marvel 24-in Built-in Dispenser with Single Wine & Beverage Tap with Door Style - Panel Ready, Dispenser Type - Single Wine""}",0.58
TST_219,2025-11-06T03:48:27.022Z,prod-api,kegerator fridge (Beer Coolers Kegerator),FAIL,0.00%,0/10,#FFCDD2,896,200,"Matched 0 of 10 item(s). Sample mismatches: {categoryName: ""Refrigerators"", productName: ""Bosch 36"" 21 cu ft Smart Counter Depth French Door Bottom Freezer Refrigerator with Ice & Water""}, {categoryName: ""Refrigerators"", productName: ""Bosch 800 Series French Door Bottom Mount Refrigerator 36"" Stainless steel with anti-fingerprint, Ice Maker, Touch Control Panel""}, {categoryName: ""Refrigerators"", productName: ""Bosch 20.8 cu ft Smart Counter Depth French Door Refrigerator with Internal Water Dispenser & Ice""}",0.93
TST_220,2025-11-06T03:48:33.129Z,prod-api,mini kegerator (Beer Coolers Kegerator),FAIL,0.00%,0/1,#FFCDD2,1159,200,"Matched 0 of 1 item(s). Sample mismatches: {categoryName: ""Cooking"", productName: ""Whirlpool 30 Inch Smart Over-the-Range Microwave with 1.1 Cu. Ft. Capacity, 3-Speed 450 CFM Motor, 1000-Watt Cooking Power, 10 Power Levels, Popcorn Preset, Add 30 Seconds, LED Cooktop Lighting, Tap-to-Open Door, Sensor Cooking, and Microwave Presets: Fingerprint Resistant Stainless Steel""}",1.19
TST_221,2025-11-06T03:48:38.855Z,prod-api,half kegerator (Beer Coolers Kegerator),FAIL,6000.00%,6/10,#FFCDD2,943,200,"Matched 6 of 10 item(s). Sample mismatches: {categoryName: ""Refrigerators"", productName: ""Marvel 24-in Built-in Dispenser with Twin Wine & Beverage Tap with Door Style - Panel Ready, Dispenser Type - Twin Wine""}, {categoryName: ""Refrigerators"", productName: ""Marvel 24-in Built-in Dispenser with Single Wine & Beverage Tap with Door Style - Panel Ready, Dispenser Type - Single Wine""}, {categoryName: ""Refrigerators"", productName: ""Marvel 24-in Built-in Dispenser with Twin Wine & Beverage Tap with Door Style - Stainless Steel, Dispenser Type - Twin Wine""}",0.97
TST_222,2025-11-06T03:48:44.446Z,prod-api,kegerator beer (Beer Coolers Kegerator),FAIL,4000.00%,4/10,#FFCDD2,1156,200,"Matched 4 of 10 item(s). Sample mismatches: {categoryName: ""Refrigerators"", productName: ""U-Line 24"" Keg Refrigerator With Stainless Solid Finish,  Chrome Plated Wire Shelves, Interior Stainless Steel Liner, 5.5 Cu. Ft. Capacity EnergyStar® and Star-K Certified""}, {categoryName: ""Refrigerators"", productName: ""Marvel 24-in Built-in Dispenser with Twin Wine & Beverage Tap with Door Style - Panel Ready, Dispenser Type - Twin Wine""}, {categoryName: ""Refrigerators"", productName: ""Marvel 24-in Built-in Dispenser with Single Wine & Beverage Tap with Door Style - Panel Ready, Dispenser Type - Single Wine""}",1.19
TST_223,2025-11-06T03:48:50.526Z,prod-api,outdoor kegerator (Beer Coolers Kegerator),PASS,10000.00%,10/10,#C8E6C9,1016,200,,1.04
TST_224,2025-11-06T03:48:53.570Z,prod-api,cooler kegerator (Beer Coolers Kegerator),FAIL,4000.00%,4/10,#FFCDD2,933,200,"Matched 4 of 10 item(s). Sample mismatches: {categoryName: ""Refrigerators"", productName: ""U-Line 24"" Keg Refrigerator With Stainless Solid Finish,  Chrome Plated Wire Shelves, Interior Stainless Steel Liner, 5.5 Cu. Ft. Capacity EnergyStar® and Star-K Certified""}, {categoryName: ""Refrigerators"", productName: ""Marvel 24-in Built-in Dispenser with Twin Wine & Beverage Tap with Door Style - Panel Ready, Dispenser Type - Twin Wine""}, {categoryName: ""Refrigerators"", productName: ""Marvel 24-in Built-in Dispenser with Single Wine & Beverage Tap with Door Style - Panel Ready, Dispenser Type - Single Wine""}",0.95
TST_225,2025-11-06T03:49:00.163Z,prod-api,miniature kegerator (Beer Coolers Kegerator),PASS,10000.00%,10/10,#C8E6C9,1116,200,,1.14
TST_226,2025-11-06T03:49:03.534Z,prod-api,small kegerator (Beer Coolers Kegerator),FAIL,0.00%,0/1,#FFCDD2,816,200,"Matched 0 of 1 item(s). Sample mismatches: {categoryName: ""Cooking"", productName: ""Whirlpool 30 Inch Smart Over-the-Range Microwave with 1.1 Cu. Ft. Capacity, 3-Speed 450 CFM Motor, 1000-Watt Cooking Power, 10 Power Levels, Popcorn Preset, Add 30 Seconds, LED Cooktop Lighting, Tap-to-Open Door, Sensor Cooking, and Microwave Presets: Fingerprint Resistant Stainless Steel""}",0.84
TST_227,2025-11-06T03:49:09.433Z,prod-api,kegerator refrigerator (Beer Coolers Kegerator),PASS,10000.00%,10/10,#C8E6C9,920,200,,0.95
TST_228,2025-11-06T03:49:12.775Z,prod-api,mini beer kegerator (Beer Coolers Kegerator),FAIL,0.00%,0/1,#FFCDD2,873,200,"Matched 0 of 1 item(s). Sample mismatches: {categoryName: ""Cooking"", productName: ""Whirlpool 30 Inch Smart Over-the-Range Microwave with 1.1 Cu. Ft. Capacity, 3-Speed 450 CFM Motor, 1000-Watt Cooking Power, 10 Power Levels, Popcorn Preset, Add 30 Seconds, LED Cooktop Lighting, Tap-to-Open Door, Sensor Cooking, and Microwave Presets: Fingerprint Resistant Stainless Steel""}",0.89
TST_229,2025-11-06T03:49:19.756Z,prod-api,corona kegerator (Beer Coolers Kegerator),PASS,10000.00%,10/10,#C8E6C9,1655,200,,1.68
TST_230,2025-11-06T03:49:23.260Z,prod-api,miller lite kegerator (Beer Coolers Kegerator),FAIL,0.00%,0/10,#FFCDD2,1064,200,"Matched 0 of 10 item(s). Sample mismatches: {categoryName: ""Refrigerators"", productName: ""LG 6 cu. ft. Single Door Refrigerator with Recessed Handle in Platinum Silver""}, {categoryName: ""Refrigerators"", productName: ""LG 20"" 6 cu. ft. Single Door Upright Freezer with Extra Large Crisper, Direct Cooling System - Platinum Silver""}, {categoryName: ""Washers & Dryers"", productName: ""Maytag 27 Inch Pet Pro Option Smart Gas Top Load Dryer with 7.4 cu ft. Total Capacity, 13 Dryer Cycles, 5 Temperature Settings, Heavy-Duty Hinges, Sanitize Cycle, and Steam-Enhanced Dryer -  Classic Silver""}",1.08
TST_231,2025-11-06T03:49:29.294Z,prod-api,beer mini kegerator (Beer Coolers Kegerator),FAIL,0.00%,0/1,#FFCDD2,1066,200,"Matched 0 of 1 item(s). Sample mismatches: {categoryName: ""Cooking"", productName: ""Whirlpool 30 Inch Smart Over-the-Range Microwave with 1.1 Cu. Ft. Capacity, 3-Speed 450 CFM Motor, 1000-Watt Cooking Power, 10 Power Levels, Popcorn Preset, Add 30 Seconds, LED Cooktop Lighting, Tap-to-Open Door, Sensor Cooking, and Microwave Presets: Fingerprint Resistant Stainless Steel""}",1.1
TST_232,2025-11-06T03:49:34.662Z,prod-api,corona kegerator (Beer Coolers Kegerator),PASS,10000.00%,10/10,#C8E6C9,325,200,,0.35
TST_233,2025-11-06T03:49:37.673Z,prod-api,danby kegerator (Beer Coolers Kegerator),REVIEW,N/A,0/0,#FFE0B2,622,200,No results returned; requires manual review.,0.65
TST_234,2025-11-06T03:49:41.207Z,prod-api,guiness kegerator (Beer Coolers Kegerator),PASS,10000.00%,10/10,#C8E6C9,1386,200,,1.41
TST_235,2025-11-06T03:49:44.781Z,prod-api,heineken kegerator (Beer Coolers Kegerator),PASS,10000.00%,10/10,#C8E6C9,1176,200,,1.19
TST_236,2025-11-06T03:49:48.079Z,prod-api,portable kegerator (Beer Coolers Kegerator),PASS,10000.00%,6/6,#C8E6C9,1034,200,,1.05
TST_237,2025-11-06T03:49:51.535Z,prod-api,wine kegerator (Beer Coolers Kegerator),PASS,10000.00%,10/10,#C8E6C9,968,200,,0.98
TST_238,2025-11-06T03:49:56.988Z,prod-api,1 6 barrel kegerator (Beer Coolers Kegerator),FAIL,3000.00%,3/10,#FFCDD2,3163,200,"Matched 3 of 10 item(s). Sample mismatches: {categoryName: ""Refrigerators"", productName: ""LG Appliances 25 cu.ft. 3 Door French Door, 33 Standard Depth with Ice & Water Dispenser: Printproof Stainless Steel - LF25H6330S""}, {categoryName: ""Dishwashers"", productName: ""LG 24 Inch Front Control Dishwasher with LoDecibel(TM) Operation, QuadWash(TM), Dynamic Dry(TM), NeveRust(TM) Stainless Steel Tub - Stainless Steel""}, {categoryName: ""Refrigerators"", productName: ""LG 21 cu. ft., 3-Door French Door, Counter-Depth MAX(TM) Refrigerator with Ice Maker""}",3.18
TST_239,2025-11-06T03:50:03.143Z,prod-api,beer kegerator (Beer Coolers Kegerator),FAIL,4000.00%,4/10,#FFCDD2,911,200,"Matched 4 of 10 item(s). Sample mismatches: {categoryName: ""Refrigerators"", productName: ""U-Line 24"" Keg Refrigerator With Stainless Solid Finish,  Chrome Plated Wire Shelves, Interior Stainless Steel Liner, 5.5 Cu. Ft. Capacity EnergyStar® and Star-K Certified""}, {categoryName: ""Refrigerators"", productName: ""Marvel 24-in Built-in Dispenser with Twin Wine & Beverage Tap with Door Style - Panel Ready, Dispenser Type - Twin Wine""}, {categoryName: ""Refrigerators"", productName: ""Marvel 24-in Built-in Dispenser with Single Wine & Beverage Tap with Door Style - Panel Ready, Dispenser Type - Single Wine""}",0.94
TST_240,2025-11-06T03:50:09.536Z,prod-api,built-in or freestanding single kegerator (Beer Coolers Kegerator),FAIL,1000.00%,1/10,#FFCDD2,1000,200,"Matched 1 of 10 item(s). Sample mismatches: {categoryName: ""Refrigerators"", productName: ""LG 36"" Counter-Depth MAX(TM) 3-Door French Door Refrigerator with Thin Door Design, Zero Clearance(TM) - Stainless Steel""}, {categoryName: ""Refrigerators"", productName: ""Bosch 36"" 21 cu ft Smart Counter Depth French Door Bottom Freezer Refrigerator with Ice & Water""}, {categoryName: ""Refrigerators"", productName: ""Bosch 800 Series French Door Bottom Mount Refrigerator 36"" Stainless steel with anti-fingerprint, Ice Maker, Touch Control Panel""}",1.04
TST_241,2025-11-06T03:50:16.934Z,prod-api,freestanding single kegerator (Beer Coolers Kegerator),FAIL,1000.00%,1/10,#FFCDD2,2392,200,"Matched 1 of 10 item(s). Sample mismatches: {categoryName: ""Refrigerators"", productName: ""Bosch 36"" 21 cu ft Smart Counter Depth French Door Bottom Freezer Refrigerator with Ice & Water""}, {categoryName: ""Refrigerators"", productName: ""Bosch 800 Series French Door Bottom Mount Refrigerator 36"" Stainless steel with anti-fingerprint, Ice Maker, Touch Control Panel""}, {categoryName: ""Refrigerators"", productName: ""Bosch 20.8 cu ft Smart Counter Depth French Door Refrigerator with Internal Water Dispenser & Ice""}",2.44
TST_242,2025-11-06T03:50:23.036Z,prod-api,home kegerator (Beer Coolers Kegerator),FAIL,4000.00%,4/10,#FFCDD2,978,200,"Matched 4 of 10 item(s). Sample mismatches: {categoryName: ""Refrigerators"", productName: ""U-Line 24"" Keg Refrigerator With Stainless Solid Finish,  Chrome Plated Wire Shelves, Interior Stainless Steel Liner, 5.5 Cu. Ft. Capacity EnergyStar® and Star-K Certified""}, {categoryName: ""Refrigerators"", productName: ""Marvel 24-in Built-in Dispenser with Twin Wine & Beverage Tap with Door Style - Panel Ready, Dispenser Type - Twin Wine""}, {categoryName: ""Refrigerators"", productName: ""Marvel 24-in Built-in Dispenser with Single Wine & Beverage Tap with Door Style - Panel Ready, Dispenser Type - Single Wine""}",1.02
TST_243,2025-11-06T03:50:29.022Z,prod-api,quarter kegerator (Beer Coolers Kegerator),PASS,10000.00%,10/10,#C8E6C9,1080,200,,1.11
TST_244,2025-11-06T03:50:32.813Z,prod-api,1 6 kegerator (Beer Coolers Kegerator),FAIL,3000.00%,3/10,#FFCDD2,1191,200,"Matched 3 of 10 item(s). Sample mismatches: {categoryName: ""Refrigerators"", productName: ""LG Appliances 25 cu.ft. 3 Door French Door, 33 Standard Depth with Ice & Water Dispenser: Printproof Stainless Steel - LF25H6330S""}, {categoryName: ""Dishwashers"", productName: ""LG 24 Inch Front Control Dishwasher with LoDecibel(TM) Operation, QuadWash(TM), Dynamic Dry(TM), NeveRust(TM) Stainless Steel Tub - Stainless Steel""}, {categoryName: ""Refrigerators"", productName: ""LG 21 cu. ft., 3-Door French Door, Counter-Depth MAX(TM) Refrigerator with Ice Maker""}",1.21
TST_245,2025-11-06T03:50:39.485Z,prod-api,5 gallon kegerator (Beer Coolers Kegerator),PASS,10000.00%,10/10,#C8E6C9,1161,200,,1.19
TST_246,2025-11-06T03:50:43.284Z,prod-api,budweiser kegerator (Beer Coolers Kegerator),PASS,10000.00%,10/10,#C8E6C9,1161,200,,1.19
TST_247,2025-11-06T03:50:47.221Z,prod-api,cold brew kegerator (Beer Coolers Kegerator),FAIL,8000.00%,8/10,#FFCDD2,1300,200,"Matched 8 of 10 item(s). Sample mismatches: {categoryName: ""Cooking"", productName: ""Zephyr 36 Inch Mesa Wall Mount Range Hood with Invisible Touch Controls, Tri-Level LED Lighting - Satin Gold""}, {categoryName: ""Cooking"", productName: ""Zephyr 48"" Designer Collection Mesa Wall Mount Hood - Requires Blower - Satin Gold""}",1.32
TST_248,2025-11-06T03:50:54.417Z,prod-api,dual tap kegerator (Beer Coolers Kegerator),FAIL,5000.00%,5/10,#FFCDD2,1967,200,"Matched 5 of 10 item(s). Sample mismatches: {categoryName: ""Washers & Dryers"", productName: ""LG 7.3 cu. ft. Vented Smart Electric Dryer with EasyLoad Door, TurboSteam and Sensor Dry Technology""}, {categoryName: ""Dishwashers"", productName: ""Thermador Emerald 24"" Stainless Steel Top Control Built In Dishwasher with 16 Place Setting Capacity, 8 Wash Cycles""}, {categoryName: ""Washers & Dryers"", productName: ""Speed Queen TR5 26"" Ultra-Quiet Top Load Washer with 3.2 cu. Ft. Capacity and Speed Queen Perfect Wash""}",2
TST_249,2025-11-06T03:51:01.403Z,prod-api,commercial kegerator (Beer Coolers Kegerator),FAIL,8000.00%,8/10,#FFCDD2,1243,200,"Matched 8 of 10 item(s). Sample mismatches: {categoryName: ""Washers & Dryers"", productName: ""Miele 24 Inch Front Load Washer with 2.58 cu ft Capacity, Wi-Fi Connected, CapDosing, M Touch Flex Controls, Honeycomb Drum, Eco Speed Patented Wash Rhythm - Lotus White""}, {categoryName: ""Washers & Dryers"", productName: ""Speed Queen 3.2 cu. ft. Top Load Washer with Manual Homestyle Control, Stainless Steel Tub - White""}",1.28
TST_250,2025-11-06T03:51:07.845Z,prod-api,half barrel kegerator (Beer Coolers Kegerator),FAIL,6000.00%,6/10,#FFCDD2,932,200,"Matched 6 of 10 item(s). Sample mismatches: {categoryName: ""Refrigerators"", productName: ""Marvel 24-in Built-in Dispenser with Twin Wine & Beverage Tap with Door Style - Panel Ready, Dispenser Type - Twin Wine""}, {categoryName: ""Refrigerators"", productName: ""Marvel 24-in Built-in Dispenser with Single Wine & Beverage Tap with Door Style - Panel Ready, Dispenser Type - Single Wine""}, {categoryName: ""Refrigerators"", productName: ""Marvel 24-in Built-in Dispenser with Twin Wine & Beverage Tap with Door Style - Stainless Steel, Dispenser Type - Twin Wine""}",0.96
TST_251,2025-11-06T03:51:15.329Z,prod-api,beverage center (Beverage Center),PASS,10000.00%,10/10,#C8E6C9,1593,200,,1.63
TST_252,2025-11-06T03:51:18.958Z,prod-api,beverage center fridge (Beverage Center),FAIL,3000.00%,3/10,#FFCDD2,984,200,"Matched 3 of 10 item(s). Sample mismatches: {categoryName: ""Refrigerators"", productName: ""Marvel 15'' Built-In Wine Refrigerator With 23 Bottle Capacity and Smooth-Glide Shelf""}, {categoryName: ""Refrigerators"", productName: ""Marvel 24"" Built-In All Refrigerator with Glass Reversible Door and Brightshield - Panel Ready Frame Glass""}, {categoryName: ""Refrigerators"", productName: ""Marvel 24-In Undercounter Refrigerator with Solid Reversible Door and Brightshield - Stainless Steel""}",1
TST_253,2025-11-06T03:51:25.864Z,prod-api,samsung beverage center (Beverage Center),REVIEW,N/A,0/0,#FFE0B2,1145,200,No results returned; requires manual review.,1.17
TST_254,2025-11-06T03:51:29.373Z,prod-api,zephyr beverage center (Beverage Center),PASS,10000.00%,10/10,#C8E6C9,805,200,,0.82
TST_255,2025-11-06T03:51:32.745Z,prod-api,frigidaire beverage center (Beverage Center),REVIEW,N/A,0/0,#FFE0B2,748,200,No results returned; requires manual review.,0.76
TST_256,2025-11-06T03:51:36.202Z,prod-api,sub zero beverage center (Beverage Center),PASS,10000.00%,10/10,#C8E6C9,968,200,,0.98
TST_257,2025-11-06T03:51:39.826Z,prod-api,beverage center cabinet (Beverage Center),PASS,10000.00%,10/10,#C8E6C9,819,200,,0.83
TST_258,2025-11-06T03:51:43.708Z,prod-api,cafe beverage center (Beverage Center),PASS,10000.00%,4/4,#C8E6C9,1335,200,,1.35
TST_259,2025-11-06T03:51:46.816Z,prod-api,beverage refrigerator (Beverage Center),PASS,10000.00%,10/10,#C8E6C9,850,200,,0.87
TST_260,2025-11-06T03:51:50.462Z,prod-api,beverage refrigerators (Beverage Center),PASS,10000.00%,10/10,#C8E6C9,973,200,,0.99
TST_261,2025-11-06T03:51:54.102Z,prod-api,mini beverage refrigerator (Beverage Center),PASS,10000.00%,10/10,#C8E6C9,987,200,,0.99
TST_262,2025-11-06T03:51:57.360Z,prod-api,beverage mini refrigerator (Beverage Center),PASS,10000.00%,10/10,#C8E6C9,762,200,,0.78
TST_263,2025-11-06T03:52:00.692Z,prod-api,beverage refrigerator undercounter (Beverage Center),PASS,10000.00%,10/10,#C8E6C9,710,200,,0.72
TST_264,2025-11-06T03:52:03.683Z,prod-api,small beverage refrigerator (Beverage Center),PASS,10000.00%,10/10,#C8E6C9,934,200,,0.94
TST_265,2025-11-06T03:52:06.785Z,prod-api,wine and beverage refrigerator (Beverage Center),PASS,10000.00%,2/2,#C8E6C9,649,200,,0.66
TST_266,2025-11-06T03:52:11.006Z,prod-api,outdoor beverage refrigerator (Beverage Center),PASS,10000.00%,1/1,#C8E6C9,1389,200,,1.4
TST_267,2025-11-06T03:52:15.169Z,prod-api,under cabinet beverage refrigerator (Beverage Center),PASS,10000.00%,10/10,#C8E6C9,970,200,,0.99
TST_268,2025-11-06T03:52:19.348Z,prod-api,undercounter beverage refrigerator (Beverage Center),PASS,10000.00%,10/10,#C8E6C9,1367,200,,1.38
TST_269,2025-11-06T03:52:22.839Z,prod-api,beverage refrigerator cabinet (Beverage Center),PASS,10000.00%,10/10,#C8E6C9,650,200,,0.67
TST_270,2025-11-06T03:52:26.714Z,prod-api,under counter beverage refrigerator (Beverage Center),PASS,10000.00%,10/10,#C8E6C9,1217,200,,1.23
TST_271,2025-11-06T03:52:30.847Z,prod-api,commercial beverage refrigerator (Beverage Center),PASS,10000.00%,1/1,#C8E6C9,850,200,,0.86
TST_272,2025-11-06T03:52:34.771Z,prod-api,beverage refrigerator cooler (Beverage Center),PASS,10000.00%,10/10,#C8E6C9,639,200,,0.65
TST_273,2025-11-06T03:52:39.625Z,prod-api,built in beverage refrigerator (Beverage Center),PASS,10000.00%,10/10,#C8E6C9,1402,200,,1.42
TST_274,2025-11-06T03:52:44.241Z,prod-api,frigidaire beverage refrigerator (Beverage Center),PASS,10000.00%,5/5,#C8E6C9,1180,200,,1.2
TST_275,2025-11-06T03:52:48.329Z,prod-api,ge beverage refrigerator (Beverage Center),PASS,10000.00%,10/10,#C8E6C9,642,200,,0.66
TST_276,2025-11-06T03:52:52.199Z,prod-api,beverage fridge (Beverage Center),PASS,10000.00%,10/10,#C8E6C9,635,200,,0.65
TST_277,2025-11-06T03:52:56.845Z,prod-api,mini beverage fridge (Beverage Center),PASS,10000.00%,10/10,#C8E6C9,1013,200,,1.03
TST_278,2025-11-06T03:53:01.618Z,prod-api,under counter beverage fridge (Beverage Center),FAIL,9000.00%,9/10,#FFCDD2,1190,200,"Matched 9 of 10 item(s). Sample mismatches: {categoryName: ""Refrigerators"", productName: ""Bosch 800 Series French Door Bottom Mount Refrigerator 36"" Stainless steel with anti-fingerprint, Ice Maker, Touch Control Panel""}",1.2
TST_279,2025-11-06T03:53:07.966Z,prod-api,small beverage fridge (Beverage Center),PASS,10000.00%,10/10,#C8E6C9,935,200,,0.95
TST_280,2025-11-06T03:53:11.251Z,prod-api,32 inch high beverage fridge (Beverage Center),FAIL,0.00%,0/10,#FFCDD2,705,200,"Matched 0 of 10 item(s). Sample mismatches: {categoryName: ""Refrigerators"", productName: ""Bosch 36"" 21 cu ft Smart Counter Depth French Door Bottom Freezer Refrigerator with Ice & Water""}, {categoryName: ""Refrigerators"", productName: ""Bosch 800 Series French Door Bottom Mount Refrigerator 36"" Stainless steel with anti-fingerprint, Ice Maker, Touch Control Panel""}, {categoryName: ""Refrigerators"", productName: ""Bosch 20.8 cu ft Smart Counter Depth French Door Refrigerator with Internal Water Dispenser & Ice""}",0.73
TST_281,2025-11-06T03:53:17.600Z,prod-api,under cabinet beverage fridge (Beverage Center),FAIL,0.00%,0/10,#FFCDD2,930,200,"Matched 0 of 10 item(s). Sample mismatches: {categoryName: ""Refrigerators"", productName: ""Bosch 36"" 21 cu ft Smart Counter Depth French Door Bottom Freezer Refrigerator with Ice & Water""}, {categoryName: ""Refrigerators"", productName: ""Bosch 800 Series French Door Bottom Mount Refrigerator 36"" Stainless steel with anti-fingerprint, Ice Maker, Touch Control Panel""}, {categoryName: ""Refrigerators"", productName: ""Bosch 20.8 cu ft Smart Counter Depth French Door Refrigerator with Internal Water Dispenser & Ice""}",0.96
TST_282,2025-11-06T03:53:24.421Z,prod-api,beverage cooler fridge (Beverage Center),PASS,10000.00%,10/10,#C8E6C9,1228,200,,1.26
TST_283,2025-11-06T03:53:28.372Z,prod-api,beverage fridge cabinet (Beverage Center),FAIL,0.00%,0/10,#FFCDD2,984,200,"Matched 0 of 10 item(s). Sample mismatches: {categoryName: ""Refrigerators"", productName: ""Bosch 36"" 21 cu ft Smart Counter Depth French Door Bottom Freezer Refrigerator with Ice & Water""}, {categoryName: ""Refrigerators"", productName: ""Bosch 800 Series French Door Bottom Mount Refrigerator 36"" Stainless steel with anti-fingerprint, Ice Maker, Touch Control Panel""}, {categoryName: ""Refrigerators"", productName: ""Bosch 20.8 cu ft Smart Counter Depth French Door Refrigerator with Internal Water Dispenser & Ice""}",1.01
TST_284,2025-11-06T03:53:35.539Z,prod-api,beverage fridge undercounter (Beverage Center),FAIL,0.00%,0/10,#FFCDD2,1267,200,"Matched 0 of 10 item(s). Sample mismatches: {categoryName: ""Refrigerators"", productName: ""Bosch 36"" 21 cu ft Smart Counter Depth French Door Bottom Freezer Refrigerator with Ice & Water""}, {categoryName: ""Refrigerators"", productName: ""Bosch 800 Series French Door Bottom Mount Refrigerator 36"" Stainless steel with anti-fingerprint, Ice Maker, Touch Control Panel""}, {categoryName: ""Refrigerators"", productName: ""Bosch 20.8 cu ft Smart Counter Depth French Door Refrigerator with Internal Water Dispenser & Ice""}",1.3
TST_285,2025-11-06T03:53:42.966Z,prod-api,beverage fridge with glass door (Beverage Center),PASS,10000.00%,10/10,#C8E6C9,1317,200,,1.36
TST_286,2025-11-06T03:53:46.591Z,prod-api,undercounter beverage fridge (Beverage Center),FAIL,0.00%,0/10,#FFCDD2,666,200,"Matched 0 of 10 item(s). Sample mismatches: {categoryName: ""Refrigerators"", productName: ""Bosch 36"" 21 cu ft Smart Counter Depth French Door Bottom Freezer Refrigerator with Ice & Water""}, {categoryName: ""Refrigerators"", productName: ""Bosch 800 Series French Door Bottom Mount Refrigerator 36"" Stainless steel with anti-fingerprint, Ice Maker, Touch Control Panel""}, {categoryName: ""Refrigerators"", productName: ""Bosch 20.8 cu ft Smart Counter Depth French Door Refrigerator with Internal Water Dispenser & Ice""}",0.69
TST_287,2025-11-06T03:53:52.839Z,prod-api,drink refrigerator (Beverage Center),PASS,10000.00%,10/10,#C8E6C9,875,200,,0.91
TST_288,2025-11-06T03:53:56.853Z,prod-api,mini drink refrigerator (Beverage Center),PASS,10000.00%,10/10,#C8E6C9,1092,200,,1.11
TST_289,2025-11-06T03:54:00.541Z,prod-api,soda refrigerator (Beverage Center),PASS,10000.00%,10/10,#C8E6C9,597,200,,0.61
TST_290,2025-11-06T03:54:04.262Z,prod-api,refrigerator for sodas (Beverage Center),PASS,10000.00%,10/10,#C8E6C9,605,200,,0.63
TST_291,2025-11-06T03:54:08.048Z,prod-api,drink fridge (Beverage Center),FAIL,0.00%,0/10,#FFCDD2,1099,200,"Matched 0 of 10 item(s). Sample mismatches: {categoryName: ""Refrigerators"", productName: ""Bosch 36"" 21 cu ft Smart Counter Depth French Door Bottom Freezer Refrigerator with Ice & Water""}, {categoryName: ""Refrigerators"", productName: ""Bosch 800 Series French Door Bottom Mount Refrigerator 36"" Stainless steel with anti-fingerprint, Ice Maker, Touch Control Panel""}, {categoryName: ""Refrigerators"", productName: ""Bosch 20.8 cu ft Smart Counter Depth French Door Refrigerator with Internal Water Dispenser & Ice""}",1.13
TST_292,2025-11-06T03:54:14.195Z,prod-api,mini drink fridge (Beverage Center),FAIL,0.00%,0/10,#FFCDD2,879,200,"Matched 0 of 10 item(s). Sample mismatches: {categoryName: ""Refrigerators"", productName: ""Bosch 36"" 21 cu ft Smart Counter Depth French Door Bottom Freezer Refrigerator with Ice & Water""}, {categoryName: ""Refrigerators"", productName: ""Bosch 800 Series French Door Bottom Mount Refrigerator 36"" Stainless steel with anti-fingerprint, Ice Maker, Touch Control Panel""}, {categoryName: ""Refrigerators"", productName: ""Bosch 20.8 cu ft Smart Counter Depth French Door Refrigerator with Internal Water Dispenser & Ice""}",0.91
TST_293,2025-11-06T03:54:20.525Z,prod-api,drinks fridge (Beverage Center),FAIL,0.00%,0/10,#FFCDD2,871,200,"Matched 0 of 10 item(s). Sample mismatches: {categoryName: ""Refrigerators"", productName: ""Bosch 36"" 21 cu ft Smart Counter Depth French Door Bottom Freezer Refrigerator with Ice & Water""}, {categoryName: ""Refrigerators"", productName: ""Bosch 800 Series French Door Bottom Mount Refrigerator 36"" Stainless steel with anti-fingerprint, Ice Maker, Touch Control Panel""}, {categoryName: ""Refrigerators"", productName: ""Bosch 20.8 cu ft Smart Counter Depth French Door Refrigerator with Internal Water Dispenser & Ice""}",0.9
TST_294,2025-11-06T03:54:27.881Z,prod-api,small drinks fridge (Beverage Center),FAIL,0.00%,0/10,#FFCDD2,1235,200,"Matched 0 of 10 item(s). Sample mismatches: {categoryName: ""Refrigerators"", productName: ""Bosch 800 Series French Door Bottom Mount Refrigerator 36"" Stainless steel with anti-fingerprint, Ice Maker, Touch Control Panel""}, {categoryName: ""Refrigerators"", productName: ""LG 29 cu. ft. Standard-Depth MAX French Door Refrigerator with Dual Ice Maker, Linear Cooling(TM), SmartDiagnosis(TM), 6 Door Bins - Stainless Steel""}, {categoryName: ""Refrigerators"", productName: ""Bosch 36"" 21 cu ft Smart Counter Depth French Door Bar Handle Refrigerator with Ice and Water""}",1.27
TST_295,2025-11-06T03:54:34.722Z,prod-api,coke drinks fridge (Beverage Center),REVIEW,N/A,0/0,#FFE0B2,881,200,No results returned; requires manual review.,0.91
TST_296,2025-11-06T03:54:38.892Z,prod-api,commercial drink fridge (Beverage Center),FAIL,0.00%,0/10,#FFCDD2,1140,200,"Matched 0 of 10 item(s). Sample mismatches: {categoryName: ""Refrigerators"", productName: ""Bosch 36"" 21 cu ft Smart Counter Depth French Door Bottom Freezer Refrigerator with Ice & Water""}, {categoryName: ""Refrigerators"", productName: ""Bosch 800 Series French Door Bottom Mount Refrigerator 36"" Stainless steel with anti-fingerprint, Ice Maker, Touch Control Panel""}, {categoryName: ""Refrigerators"", productName: ""Bosch 20.8 cu ft Smart Counter Depth French Door Refrigerator with Internal Water Dispenser & Ice""}",1.17
TST_297,2025-11-06T03:54:44.777Z,prod-api,drink fridge cabinet (Beverage Center),FAIL,0.00%,0/10,#FFCDD2,1030,200,"Matched 0 of 10 item(s). Sample mismatches: {categoryName: ""Refrigerators"", productName: ""Bosch 36"" 21 cu ft Smart Counter Depth French Door Bottom Freezer Refrigerator with Ice & Water""}, {categoryName: ""Refrigerators"", productName: ""Bosch 800 Series French Door Bottom Mount Refrigerator 36"" Stainless steel with anti-fingerprint, Ice Maker, Touch Control Panel""}, {categoryName: ""Refrigerators"", productName: ""Bosch 20.8 cu ft Smart Counter Depth French Door Refrigerator with Internal Water Dispenser & Ice""}",1.06
TST_298,2025-11-06T03:54:51.373Z,prod-api,soda fridge (Beverage Center),FAIL,0.00%,0/10,#FFCDD2,1246,200,"Matched 0 of 10 item(s). Sample mismatches: {categoryName: ""Refrigerators"", productName: ""Bosch 36"" 21 cu ft Smart Counter Depth French Door Bottom Freezer Refrigerator with Ice & Water""}, {categoryName: ""Refrigerators"", productName: ""Bosch 800 Series French Door Bottom Mount Refrigerator 36"" Stainless steel with anti-fingerprint, Ice Maker, Touch Control Panel""}, {categoryName: ""Refrigerators"", productName: ""Bosch 20.8 cu ft Smart Counter Depth French Door Refrigerator with Internal Water Dispenser & Ice""}",1.28
TST_299,2025-11-06T03:54:57.803Z,prod-api,mini soda fridge (Beverage Center),FAIL,0.00%,0/10,#FFCDD2,895,200,"Matched 0 of 10 item(s). Sample mismatches: {categoryName: ""Refrigerators"", productName: ""Bosch 36"" 21 cu ft Smart Counter Depth French Door Bottom Freezer Refrigerator with Ice & Water""}, {categoryName: ""Refrigerators"", productName: ""Bosch 800 Series French Door Bottom Mount Refrigerator 36"" Stainless steel with anti-fingerprint, Ice Maker, Touch Control Panel""}, {categoryName: ""Refrigerators"", productName: ""Bosch 20.8 cu ft Smart Counter Depth French Door Refrigerator with Internal Water Dispenser & Ice""}",0.93
TST_300,2025-11-06T03:55:04.465Z,prod-api,fridge for sodas (Beverage Center),FAIL,0.00%,0/10,#FFCDD2,857,200,"Matched 0 of 10 item(s). Sample mismatches: {categoryName: ""Refrigerators"", productName: ""Bosch 36"" 21 cu ft Smart Counter Depth French Door Bottom Freezer Refrigerator with Ice & Water""}, {categoryName: ""Refrigerators"", productName: ""Bosch 800 Series French Door Bottom Mount Refrigerator 36"" Stainless steel with anti-fingerprint, Ice Maker, Touch Control Panel""}, {categoryName: ""Refrigerators"", productName: ""Bosch 20.8 cu ft Smart Counter Depth French Door Refrigerator with Internal Water Dispenser & Ice""}",0.89
TST_301,2025-11-06T03:55:10.563Z,prod-api,smart refrigerator (Smart Refrigerator),PASS,10000.00%,10/10,#C8E6C9,857,200,,0.89
TST_302,2025-11-06T03:55:14.165Z,prod-api,samsung smart refrigerator (Smart Refrigerator),PASS,10000.00%,10/10,#C8E6C9,590,200,,0.62
TST_303,2025-11-06T03:55:17.775Z,prod-api,samsung refrigerator smart (Smart Refrigerator),PASS,10000.00%,10/10,#C8E6C9,800,200,,0.82
TST_304,2025-11-06T03:55:21.133Z,prod-api,smart refrigerators (Smart Refrigerator),PASS,10000.00%,10/10,#C8E6C9,602,200,,0.62
TST_305,2025-11-06T03:55:24.742Z,prod-api,smart refrigerator lg (Smart Refrigerator),PASS,10000.00%,10/10,#C8E6C9,1197,200,,1.22
TST_306,2025-11-06T03:55:28.656Z,prod-api,smart refrigerator samsung (Smart Refrigerator),PASS,10000.00%,10/10,#C8E6C9,772,200,,0.78
TST_307,2025-11-06T03:55:32.450Z,prod-api,lg smart inverter refrigerator (Smart Refrigerator),PASS,10000.00%,10/10,#C8E6C9,996,200,,1.01
TST_308,2025-11-06T03:55:35.831Z,prod-api,lg smart refrigerator (Smart Refrigerator),PASS,10000.00%,10/10,#C8E6C9,551,200,,0.56
TST_309,2025-11-06T03:55:39.440Z,prod-api,lg smart diagnosis refrigerator (Smart Refrigerator),PASS,10000.00%,10/10,#C8E6C9,585,200,,0.6
TST_310,2025-11-06T03:55:43.086Z,prod-api,smart lg refrigerator (Smart Refrigerator),PASS,10000.00%,10/10,#C8E6C9,558,200,,0.57
TST_311,2025-11-06T03:55:47.178Z,prod-api,smart refrigerator with screen (Smart Refrigerator),PASS,10000.00%,10/10,#C8E6C9,866,200,,0.88
TST_312,2025-11-06T03:55:52.288Z,prod-api,smart refrigerator with touchscreen (Smart Refrigerator),PASS,10000.00%,1/1,#C8E6C9,1136,200,,1.15
TST_313,2025-11-06T03:55:57.509Z,prod-api,samsung smart fridge (Smart Refrigerator),PASS,10000.00%,10/10,#C8E6C9,1137,200,,1.15
TST_314,2025-11-06T03:56:01.880Z,prod-api,smart fridge (Smart Refrigerator),PASS,10000.00%,10/10,#C8E6C9,1008,200,,1.02
TST_315,2025-11-06T03:56:06.217Z,prod-api,lg smart fridge (Smart Refrigerator),PASS,10000.00%,10/10,#C8E6C9,661,200,,0.68
TST_316,2025-11-06T03:56:11.126Z,prod-api,samsung smart fridges (Smart Refrigerator),PASS,10000.00%,10/10,#C8E6C9,1074,200,,1.09
TST_317,2025-11-06T03:56:15.764Z,prod-api,smart fridge with screen (Smart Refrigerator),PASS,10000.00%,10/10,#C8E6C9,913,200,,0.93
TST_318,2025-11-06T03:56:19.833Z,prod-api,smart fridges (Smart Refrigerator),PASS,10000.00%,10/10,#C8E6C9,652,200,,0.66
TST_319,2025-11-06T03:56:23.859Z,prod-api,dishwasher (Dishwasher),PASS,10000.00%,100/100,#C8E6C9,554,200,,0.59
TST_320,2025-11-06T03:56:27.718Z,prod-api,bosch dishwasher (Dishwasher),PASS,10000.00%,10/10,#C8E6C9,602,200,,0.62
TST_321,2025-11-06T03:56:32.148Z,prod-api,portable dishwasher (Dishwasher),PASS,10000.00%,6/6,#C8E6C9,994,200,,1.01
TST_322,2025-11-06T03:56:35.928Z,prod-api,kitchenaid dishwasher (Dishwasher),PASS,10000.00%,10/10,#C8E6C9,1106,200,,1.12
TST_323,2025-11-06T03:56:41.024Z,prod-api,whirlpool dishwasher (Dishwasher),PASS,10000.00%,10/10,#C8E6C9,1466,200,,1.48
TST_324,2025-11-06T03:56:45.476Z,prod-api,frigidaire dishwasher (Dishwasher),PASS,10000.00%,1/1,#C8E6C9,734,200,,0.75
TST_325,2025-11-06T03:56:50.653Z,prod-api,ge dishwasher (Dishwasher),PASS,10000.00%,10/10,#C8E6C9,834,200,,0.85
TST_326,2025-11-06T03:56:54.831Z,prod-api,dishwashers (Dishwasher),PASS,10000.00%,100/100,#C8E6C9,184,200,,0.21
TST_327,2025-11-06T03:57:00.155Z,prod-api,miele dishwasher (Dishwasher),PASS,10000.00%,10/10,#C8E6C9,917,200,,0.93
TST_328,2025-11-06T03:57:04.849Z,prod-api,samsung dishwasher (Dishwasher),PASS,10000.00%,10/10,#C8E6C9,799,200,,0.81
TST_329,2025-11-06T03:57:09.552Z,prod-api,countertop dishwasher (Dishwasher),PASS,10000.00%,10/10,#C8E6C9,705,200,,0.72
TST_330,2025-11-06T03:57:13.842Z,prod-api,lg dishwasher (Dishwasher),PASS,10000.00%,10/10,#C8E6C9,830,200,,0.84
TST_331,2025-11-06T03:57:18.714Z,prod-api,bosch 800 series dishwasher (Dishwasher),PASS,10000.00%,10/10,#C8E6C9,821,200,,0.84
TST_332,2025-11-06T03:57:23.265Z,prod-api,dishwasher sale (Dishwasher),PASS,10000.00%,10/10,#C8E6C9,831,200,,0.84
TST_333,2025-11-06T03:57:28.783Z,prod-api,maytag dishwasher (Dishwasher),PASS,10000.00%,10/10,#C8E6C9,1609,200,,1.62
TST_334,2025-11-06T03:57:33.630Z,prod-api,bosch dishwashers (Dishwasher),PASS,10000.00%,10/10,#C8E6C9,992,200,,1.01
TST_335,2025-11-06T03:57:38.627Z,prod-api,dishwashers on sale (Dishwasher),PASS,10000.00%,10/10,#C8E6C9,902,200,,0.92
TST_336,2025-11-06T03:57:43.734Z,prod-api,asko dishwasher (Dishwasher),PASS,10000.00%,10/10,#C8E6C9,862,200,,0.88
TST_337,2025-11-06T03:57:48.795Z,prod-api,bosch 300 series dishwasher (Dishwasher),PASS,10000.00%,10/10,#C8E6C9,891,200,,0.91
TST_338,2025-11-06T03:57:53.446Z,prod-api,ge profile dishwasher (Dishwasher),PASS,10000.00%,10/10,#C8E6C9,735,200,,0.74
TST_339,2025-11-06T03:57:58.243Z,prod-api,kitchen aid dishwasher (Dishwasher),PASS,10000.00%,10/10,#C8E6C9,681,200,,0.69
TST_340,2025-11-06T03:58:03.701Z,prod-api,whirlpool dishwasher parts (Dishwasher),PASS,10000.00%,1/1,#C8E6C9,1060,200,,1.07
TST_341,2025-11-06T03:58:08.349Z,prod-api,bosch 500 series dishwasher (Dishwasher),PASS,10000.00%,10/10,#C8E6C9,710,200,,0.72
TST_342,2025-11-06T03:58:12.768Z,prod-api,frigidaire gallery dishwasher (Dishwasher),PASS,10000.00%,1/1,#C8E6C9,745,200,,0.75
TST_343,2025-11-06T03:58:17.252Z,prod-api,ge dishwashers (Dishwasher),PASS,10000.00%,10/10,#C8E6C9,684,200,,0.7
TST_344,2025-11-06T03:58:21.996Z,prod-api,small dishwasher (Dishwasher),PASS,10000.00%,1/1,#C8E6C9,890,200,,0.9
TST_345,2025-11-06T03:58:26.364Z,prod-api,whirlpool dishwashers (Dishwasher),PASS,10000.00%,10/10,#C8E6C9,844,200,,0.86
TST_346,2025-11-06T03:58:31.198Z,prod-api,18 inch dishwasher (Dishwasher),PASS,10000.00%,10/10,#C8E6C9,964,200,,0.97
TST_347,2025-11-06T03:58:36.243Z,prod-api,bosch dishwasher parts (Dishwasher),PASS,10000.00%,6/6,#C8E6C9,943,200,,0.96
TST_348,2025-11-06T03:58:40.852Z,prod-api,commercial dishwasher (Dishwasher),PASS,10000.00%,10/10,#C8E6C9,616,200,,0.64
TST_349,2025-11-06T03:58:45.367Z,prod-api,drawer dishwasher (Dishwasher),PASS,10000.00%,10/10,#C8E6C9,677,200,,0.69
TST_350,2025-11-06T03:58:50.739Z,prod-api,frigidaire dishwasher parts (Dishwasher),REVIEW,N/A,0/0,#FFE0B2,1074,200,No results returned; requires manual review.,1.09
TST_351,2025-11-06T03:58:55.071Z,prod-api,ge dishwasher parts (Dishwasher),PASS,10000.00%,2/2,#C8E6C9,714,200,,0.73
TST_352,2025-11-06T03:59:00.197Z,prod-api,portable dishwashers (Dishwasher),PASS,10000.00%,6/6,#C8E6C9,821,200,,0.84
TST_353,2025-11-06T03:59:05.991Z,prod-api,samsung dishwashers (Dishwasher),PASS,10000.00%,10/10,#C8E6C9,1531,200,,1.55
TST_354,2025-11-06T03:59:11.453Z,prod-api,stainless steel dishwasher (Dishwasher),PASS,10000.00%,10/10,#C8E6C9,982,200,,0.99
TST_355,2025-11-06T03:59:16.355Z,prod-api,18 dishwasher (Dishwasher),PASS,10000.00%,10/10,#C8E6C9,1081,200,,1.09
TST_356,2025-11-06T03:59:21.397Z,prod-api,amana dishwasher (Dishwasher),PASS,10000.00%,5/5,#C8E6C9,645,200,,0.66
TST_357,2025-11-06T03:59:26.640Z,prod-api,cafe dishwasher (Dishwasher),PASS,10000.00%,10/10,#C8E6C9,758,200,,0.77
TST_358,2025-11-06T03:59:31.847Z,prod-api,cove dishwasher (Dishwasher),REVIEW,N/A,0/0,#FFE0B2,717,200,No results returned; requires manual review.,0.73
TST_359,2025-11-06T03:59:37.075Z,prod-api,dishwasher parts (Dishwasher),PASS,10000.00%,10/10,#C8E6C9,1002,200,,1.02
TST_360,2025-11-06T03:59:42.132Z,prod-api,dishwasher rinse aid (Dishwasher),PASS,10000.00%,10/10,#C8E6C9,761,200,,0.78
TST_361,2025-11-06T03:59:47.603Z,prod-api,kitchenaid dishwasher parts (Dishwasher),PASS,10000.00%,1/1,#C8E6C9,920,200,,0.93
TST_362,2025-11-06T03:59:52.885Z,prod-api,kitchenaid dishwashers (Dishwasher),PASS,10000.00%,10/10,#C8E6C9,729,200,,0.74
TST_363,2025-11-06T03:59:57.832Z,prod-api,lg dishwashers (Dishwasher),PASS,10000.00%,10/10,#C8E6C9,755,200,,0.77
TST_364,2025-11-06T04:00:02.662Z,prod-api,mini dishwasher (Dishwasher),PASS,10000.00%,10/10,#C8E6C9,1151,200,,1.17
TST_365,2025-11-06T04:00:07.696Z,prod-api,panel ready dishwasher (Dishwasher),PASS,10000.00%,10/10,#C8E6C9,1073,200,,1.09
TST_366,2025-11-06T04:00:12.232Z,prod-api,portable dishwasher on wheels (Dishwasher),PASS,10000.00%,6/6,#C8E6C9,733,200,,0.75
TST_367,2025-11-06T04:00:17.143Z,prod-api,thermador dishwasher (Dishwasher),PASS,10000.00%,10/10,#C8E6C9,888,200,,0.9
TST_368,2025-11-06T04:00:22.686Z,prod-api,counter top dishwasher (Dishwasher),PASS,10000.00%,10/10,#C8E6C9,726,200,,0.74
TST_369,2025-11-06T04:00:27.873Z,prod-api,range (Range),PASS,10000.00%,100/100,#C8E6C9,865,200,,0.89
TST_370,2025-11-06T04:00:32.471Z,prod-api,electric range (Range),PASS,10000.00%,10/10,#C8E6C9,552,200,,0.57
TST_371,2025-11-06T04:00:36.664Z,prod-api,gas range (Range),PASS,10000.00%,10/10,#C8E6C9,659,200,,0.68
TST_372,2025-11-06T04:00:41.658Z,prod-api,induction range (Range),PASS,10000.00%,10/10,#C8E6C9,820,200,,0.83
TST_373,2025-11-06T04:00:47.582Z,prod-api,gas range stove (Range),PASS,10000.00%,10/10,#C8E6C9,1485,200,,1.51
TST_374,2025-11-06T04:00:52.436Z,prod-api,ranges (Range),PASS,10000.00%,100/100,#C8E6C9,181,200,,0.2
TST_375,2025-11-06T04:00:58.028Z,prod-api,double oven electric range (Range),PASS,10000.00%,10/10,#C8E6C9,1020,200,,1.03
TST_376,2025-11-06T04:01:03.814Z,prod-api,gas oven range (Range),PASS,10000.00%,10/10,#C8E6C9,1287,200,,1.3
TST_377,2025-11-06T04:01:09.550Z,prod-api,samsung gas range (Range),PASS,10000.00%,10/10,#C8E6C9,934,200,,0.95
TST_378,2025-11-06T04:01:15.037Z,prod-api,viking range (Range),PASS,10000.00%,10/10,#C8E6C9,1063,200,,1.07
TST_379,2025-11-06T04:01:20.672Z,prod-api,36 gas range (Range),PASS,10000.00%,10/10,#C8E6C9,1189,200,,1.2
TST_380,2025-11-06T04:01:26.139Z,prod-api,36 inch gas range (Range),PASS,10000.00%,10/10,#C8E6C9,839,200,,0.85
TST_381,2025-11-06T04:01:31.951Z,prod-api,double oven gas range (Range),PASS,10000.00%,10/10,#C8E6C9,787,200,,0.8
TST_382,2025-11-06T04:01:36.467Z,prod-api,electric ranges for sale (Range),PASS,10000.00%,10/10,#C8E6C9,563,200,,0.58
TST_383,2025-11-06T04:01:41.290Z,prod-api,gas ranges (Range),PASS,10000.00%,10/10,#C8E6C9,671,200,,0.69
TST_384,2025-11-06T04:01:46.812Z,prod-api,gas stove range (Range),PASS,10000.00%,10/10,#C8E6C9,655,200,,0.67
TST_385,2025-11-06T04:01:52.252Z,prod-api,ge gas range (Range),PASS,10000.00%,10/10,#C8E6C9,777,200,,0.79
TST_386,2025-11-06T04:01:58.061Z,prod-api,lg gas range (Range),PASS,10000.00%,10/10,#C8E6C9,928,200,,0.94
TST_387,2025-11-06T04:02:03.601Z,prod-api,range cafe (Range),PASS,10000.00%,10/10,#C8E6C9,731,200,,0.74
TST_388,2025-11-06T04:02:08.334Z,prod-api,samsung electric range (Range),PASS,10000.00%,10/10,#C8E6C9,1153,200,,1.17
TST_389,2025-11-06T04:02:13.720Z,prod-api,samsung induction range (Range),PASS,10000.00%,10/10,#C8E6C9,641,200,,0.66
TST_390,2025-11-06T04:02:19.285Z,prod-api,electric range stove (Range),PASS,10000.00%,10/10,#C8E6C9,1131,200,,1.14
TST_391,2025-11-06T04:02:25.421Z,prod-api,ge electric range (Range),PASS,10000.00%,10/10,#C8E6C9,1160,200,,1.18
TST_392,2025-11-06T04:02:30.534Z,prod-api,ge range parts (Range),PASS,10000.00%,10/10,#C8E6C9,791,200,,0.81
TST_393,2025-11-06T04:02:35.934Z,prod-api,induction oven range (Range),PASS,10000.00%,10/10,#C8E6C9,654,200,,0.67
TST_394,2025-11-06T04:02:40.740Z,prod-api,kitchen range (Range),PASS,10000.00%,10/10,#C8E6C9,575,200,,0.59
TST_395,2025-11-06T04:02:45.892Z,prod-api,samsung range (Range),PASS,10000.00%,10/10,#C8E6C9,804,200,,0.82
TST_396,2025-11-06T04:02:51.986Z,prod-api,36 inch range (Range),PASS,10000.00%,10/10,#C8E6C9,1354,200,,1.36
TST_397,2025-11-06T04:02:56.978Z,prod-api,36 range (Range),PASS,10000.00%,10/10,#C8E6C9,692,200,,0.7
TST_398,2025-11-06T04:03:01.629Z,prod-api,double oven electric ranges (Range),PASS,10000.00%,10/10,#C8E6C9,788,200,,0.8
TST_399,2025-11-06T04:03:07.538Z,prod-api,double oven gas ranges (Range),PASS,10000.00%,10/10,#C8E6C9,1326,200,,1.34
TST_400,2025-11-06T04:03:12.263Z,prod-api,electric ranges for sale (Range),PASS,10000.00%,10/10,#C8E6C9,79,200,,0.09
TST_401,2025-11-06T04:03:18.263Z,prod-api,gas ranges and stoves (Range),PASS,10000.00%,10/10,#C8E6C9,1071,200,,1.09
TST_402,2025-11-06T04:03:23.426Z,prod-api,ge ranges (Range),PASS,10000.00%,10/10,#C8E6C9,584,200,,0.6
TST_403,2025-11-06T04:03:28.405Z,prod-api,lg electric range (Range),PASS,10000.00%,10/10,#C8E6C9,972,200,,0.98
TST_404,2025-11-06T04:03:32.175Z,prod-api,lg induction range (Range),PASS,10000.00%,6/6,#C8E6C9,565,200,,0.58
TST_405,2025-11-06T04:03:36.849Z,prod-api,stove (Range),PASS,10000.00%,100/100,#C8E6C9,206,200,,0.23
TST_406,2025-11-06T04:03:41.878Z,prod-api,electric stove (Range),PASS,10000.00%,10/10,#C8E6C9,1390,200,,1.41
TST_407,2025-11-06T04:03:46.679Z,prod-api,gas stove range (Range),PASS,10000.00%,10/10,#C8E6C9,80,200,,0.1
TST_408,2025-11-06T04:03:52.466Z,prod-api,induction stove (Range),PASS,10000.00%,10/10,#C8E6C9,903,200,,0.93
TST_409,2025-11-06T04:03:58.403Z,prod-api,gas stoves (Range),PASS,10000.00%,10/10,#C8E6C9,965,200,,0.98
TST_410,2025-11-06T04:04:03.542Z,prod-api,stoves (Range),REVIEW,N/A,0/0,#FFE0B2,144,200,No results returned; requires manual review.,0.16
TST_411,2025-11-06T04:04:08.963Z,prod-api,gas range stove (Range),PASS,10000.00%,10/10,#C8E6C9,614,200,,0.63
TST_412,2025-11-06T04:04:15.029Z,prod-api,electric stoves (Range),PASS,10000.00%,10/10,#C8E6C9,1844,200,,1.86
TST_413,2025-11-06T04:04:20.409Z,prod-api,frigidaire stoves (Range),REVIEW,N/A,0/0,#FFE0B2,594,200,No results returned; requires manual review.,0.6
TST_414,2025-11-06T04:04:26.117Z,prod-api,samsung stove (Range),PASS,10000.00%,10/10,#C8E6C9,881,200,,0.9
TST_415,2025-11-06T04:04:32.931Z,prod-api,viking stove (Range),PASS,10000.00%,10/10,#C8E6C9,1621,200,,1.64
TST_416,2025-11-06T04:04:38.124Z,prod-api,wolf stove (Range),REVIEW,N/A,0/0,#FFE0B2,680,200,No results returned; requires manual review.,0.69
TST_417,2025-11-06T04:04:43.863Z,prod-api,whirlpool stove (Range),PASS,10000.00%,10/10,#C8E6C9,759,200,,0.78
TST_418,2025-11-06T04:04:49.399Z,prod-api,electrical stove (Range),PASS,10000.00%,10/10,#C8E6C9,637,200,,0.65
TST_419,2025-11-06T04:04:54.715Z,prod-api,induction cooktop (Cooktop),PASS,10000.00%,10/10,#C8E6C9,579,200,,0.59
TST_420,2025-11-06T04:05:00.190Z,prod-api,electric cooktop (Cooktop),PASS,10000.00%,10/10,#C8E6C9,1014,200,,1.03
TST_421,2025-11-06T04:05:05.195Z,prod-api,cooktop (Cooktop),PASS,10000.00%,100/100,#C8E6C9,514,200,,0.54
TST_422,2025-11-06T04:05:10.716Z,prod-api,gas cooktop (Cooktop),PASS,10000.00%,10/10,#C8E6C9,989,200,,1
TST_423,2025-11-06T04:05:15.664Z,prod-api,cooktops (Cooktop),PASS,10000.00%,100/100,#C8E6C9,170,200,,0.19
TST_424,2025-11-06T04:05:21.994Z,prod-api,electric cooktops (Cooktop),PASS,10000.00%,10/10,#C8E6C9,683,200,,0.7
TST_425,2025-11-06T04:05:27.390Z,prod-api,bosch induction cooktop (Cooktop),PASS,10000.00%,10/10,#C8E6C9,977,200,,0.99
TST_426,2025-11-06T04:05:32.117Z,prod-api,induction cooktops (Cooktop),PASS,10000.00%,10/10,#C8E6C9,655,200,,0.68
TST_427,2025-11-06T04:05:37.938Z,prod-api,36 gas cooktop (Cooktop),PASS,10000.00%,10/10,#C8E6C9,754,200,,0.78
TST_428,2025-11-06T04:05:43.875Z,prod-api,gas cooktops (Cooktop),PASS,10000.00%,10/10,#C8E6C9,927,200,,0.94
TST_429,2025-11-06T04:05:49.826Z,prod-api,wolf cooktop (Cooktop),REVIEW,N/A,0/0,#FFE0B2,966,200,No results returned; requires manual review.,0.98
TST_430,2025-11-06T04:05:55.538Z,prod-api,36 induction cooktop (Cooktop),PASS,10000.00%,10/10,#C8E6C9,797,200,,0.81
TST_431,2025-11-06T04:06:01.582Z,prod-api,cooktop stove (Cooktop),PASS,10000.00%,10/10,#C8E6C9,991,200,,1
TST_432,2025-11-06T04:06:07.415Z,prod-api,downdraft cooktop (Cooktop),PASS,10000.00%,10/10,#C8E6C9,755,200,,0.77
TST_433,2025-11-06T04:06:13.274Z,prod-api,thermador induction cooktop (Cooktop),PASS,10000.00%,7/7,#C8E6C9,931,200,,0.94
TST_434,2025-11-06T04:06:19.111Z,prod-api,wolf induction cooktop (Cooktop),REVIEW,N/A,0/0,#FFE0B2,762,200,No results returned; requires manual review.,0.78
TST_435,2025-11-06T04:06:24.946Z,prod-api,30 inch electric cooktop (Cooktop),PASS,10000.00%,10/10,#C8E6C9,944,200,,0.96
TST_436,2025-11-06T04:06:31.130Z,prod-api,36 inch gas cooktop (Cooktop),PASS,10000.00%,10/10,#C8E6C9,1010,200,,1.03
TST_437,2025-11-06T04:06:37.283Z,prod-api,cooktop gas stove (Cooktop),PASS,10000.00%,10/10,#C8E6C9,1088,200,,1.1
TST_438,2025-11-06T04:06:42.851Z,prod-api,cooktop ventilation hoods (Cooktop),REVIEW,N/A,0/0,#FFE0B2,806,200,No results returned; requires manual review.,0.82
TST_439,2025-11-06T04:06:48.929Z,prod-api,ge cooktop (Cooktop),PASS,10000.00%,10/10,#C8E6C9,1134,200,,1.14
TST_440,2025-11-06T04:06:55.122Z,prod-api,miele 42-inch electric cooktop (Cooktop),PASS,10000.00%,7/7,#C8E6C9,872,200,,0.89
TST_441,2025-11-06T04:07:00.622Z,prod-api,2 burner electric cooktop (Cooktop),PASS,10000.00%,10/10,#C8E6C9,973,200,,0.98
TST_442,2025-11-06T04:07:06.573Z,prod-api,30 inch gas cooktop (Cooktop),PASS,10000.00%,10/10,#C8E6C9,637,200,,0.65
TST_443,2025-11-06T04:07:12.485Z,prod-api,cooktop electric (Cooktop),PASS,10000.00%,10/10,#C8E6C9,851,200,,0.87
TST_444,2025-11-06T04:07:18.194Z,prod-api,ge electric cooktop (Cooktop),PASS,10000.00%,10/10,#C8E6C9,864,200,,0.88
TST_445,2025-11-06T04:07:23.842Z,prod-api,jenn air cooktop (Cooktop),PASS,10000.00%,10/10,#C8E6C9,704,200,,0.72
TST_446,2025-11-06T04:07:30.084Z,prod-api,electric cook top (Cooktop),PASS,10000.00%,10/10,#C8E6C9,978,200,,0.99
TST_447,2025-11-06T04:07:36.382Z,prod-api,induction cook top (Cooktop),PASS,10000.00%,10/10,#C8E6C9,623,200,,0.64
TST_448,2025-11-06T04:07:41.566Z,prod-api,cook top (Cooktop),PASS,10000.00%,10/10,#C8E6C9,616,200,,0.63
TST_449,2025-11-06T04:07:47.568Z,prod-api,rangetop cooktop (Cooktop),PASS,10000.00%,10/10,#C8E6C9,874,200,,0.89
TST_450,2025-11-06T04:07:53.195Z,prod-api,rangetop cooktop (Cooktop),PASS,10000.00%,10/10,#C8E6C9,82,200,,0.11
TST_451,2025-11-06T04:07:59.225Z,prod-api,electric range top (Cooktop),PASS,10000.00%,10/10,#C8E6C9,946,200,,0.96
TST_452,2025-11-06T04:08:05.905Z,prod-api,stove top range electric (Cooktop),PASS,10000.00%,10/10,#C8E6C9,1336,200,,1.35
TST_453,2025-11-06T04:08:11.822Z,prod-api,induction range top (Cooktop),PASS,10000.00%,8/8,#C8E6C9,831,200,,0.84
TST_454,2025-11-06T04:08:18.112Z,prod-api,gas range stove top (Cooktop),PASS,10000.00%,10/10,#C8E6C9,1062,200,,1.07
TST_455,2025-11-06T04:08:24.484Z,prod-api,range top (Cooktop),PASS,10000.00%,10/10,#C8E6C9,919,200,,0.93
TST_456,2025-11-06T04:08:30.632Z,prod-api,gas range top (Cooktop),PASS,10000.00%,10/10,#C8E6C9,596,200,,0.61
TST_457,2025-11-06T04:08:36.485Z,prod-api,ge range top (Cooktop),REVIEW,N/A,0/0,#FFE0B2,1030,200,No results returned; requires manual review.,1.04
TST_458,2025-11-06T04:08:42.651Z,prod-api,gas range tops (Cooktop),PASS,10000.00%,10/10,#C8E6C9,772,200,,0.79
TST_459,2025-11-06T04:08:48.694Z,prod-api,oven (Wall Oven),PASS (Need Review),9600.00%,96/100,#FFF9C4,541,200,"Matched 96 of 100 item(s). Sample mismatches: {categoryName: ""Cooking"", productName: ""Bosch 800 Series 30'' Built-In Convection Speed Microwave with SpeedChef Cooking, LED Interior Lighting - Stainless Steel""}, {categoryName: ""Cooking"", productName: ""Bosch 500 Series 30"" Warming Drawer with 3 Power Levels, Proofing Mode, Auto Shut-Off, 2.2 cu. ft. Capacity - Stainless Steel""}, {categoryName: ""Cooking"", productName: ""Bosch Benchmark,1,000W Microwave Power, Convection, 10 Power Levels, 9 SpeedChef Cycles for Faster Cooking and Kitchen Timer""}",0.57
TST_460,2025-11-06T04:08:56.715Z,prod-api,convection oven (Wall Oven),FAIL,5000.00%,5/10,#FFCDD2,2213,200,"Matched 5 of 10 item(s). Sample mismatches: {categoryName: ""Dishwashers"", productName: ""Thermador Emerald 24"" Stainless Steel Top Control Built In Dishwasher with 16 Place Setting Capacity, 8 Wash Cycles""}, {categoryName: ""Dishwashers"", productName: ""LG 24 Inch Front Control Dishwasher with LoDecibel(TM) Operation, QuadWash(TM), Dynamic Dry(TM), NeveRust(TM) Stainless Steel Tub - Stainless Steel""}, {categoryName: ""Dishwashers"", productName: ""GE 24 Inch Fully Integrated Dishwasher with 16 Place Settings, 3-Level Wash, Dry Boost Technology(TM) - Stainless Steel""}",2.23
TST_461,2025-11-06T04:09:07.965Z,prod-api,convectional oven (Wall Oven),FAIL,5000.00%,5/10,#FFCDD2,2404,200,"Matched 5 of 10 item(s). Sample mismatches: {categoryName: ""Dishwashers"", productName: ""Thermador Emerald 24"" Stainless Steel Top Control Built In Dishwasher with 16 Place Setting Capacity, 8 Wash Cycles""}, {categoryName: ""Dishwashers"", productName: ""LG 24 Inch Front Control Dishwasher with LoDecibel(TM) Operation, QuadWash(TM), Dynamic Dry(TM), NeveRust(TM) Stainless Steel Tub - Stainless Steel""}, {categoryName: ""Dishwashers"", productName: ""GE 24 Inch Fully Integrated Dishwasher with 16 Place Settings, 3-Level Wash, Dry Boost Technology(TM) - Stainless Steel""}",2.48
TST_462,2025-11-06T04:09:15.383Z,prod-api,double oven (Wall Oven),PASS,10000.00%,10/10,#C8E6C9,877,200,,0.91
TST_463,2025-11-06T04:09:22.226Z,prod-api,electric oven (Wall Oven),FAIL,4000.00%,4/10,#FFCDD2,2398,200,"Matched 4 of 10 item(s). Sample mismatches: {categoryName: ""Dishwashers"", productName: ""Thermador Emerald 24"" Stainless Steel Top Control Built In Dishwasher with 16 Place Setting Capacity, 8 Wash Cycles""}, {categoryName: ""Dishwashers"", productName: ""LG 24 Inch Front Control Dishwasher with LoDecibel(TM) Operation, QuadWash(TM), Dynamic Dry(TM), NeveRust(TM) Stainless Steel Tub - Stainless Steel""}, {categoryName: ""Dishwashers"", productName: ""GE 24 Inch Fully Integrated Dishwasher with 16 Place Settings, 3-Level Wash, Dry Boost Technology(TM) - Stainless Steel""}",2.42
TST_464,2025-11-06T04:09:30.463Z,prod-api,wall oven (Wall Oven),FAIL,9000.00%,9/10,#FFCDD2,1232,200,"Matched 9 of 10 item(s). Sample mismatches: {categoryName: ""Cooking"", productName: ""Bosch 800 Series 30'' Built-In Convection Speed Microwave with SpeedChef Cooking, LED Interior Lighting - Stainless Steel""}",1.26
TST_465,2025-11-06T04:09:38.623Z,prod-api,ovens (Wall Oven),PASS (Need Review),9600.00%,96/100,#FFF9C4,575,200,"Matched 96 of 100 item(s). Sample mismatches: {categoryName: ""Cooking"", productName: ""Bosch 800 Series 30'' Built-In Convection Speed Microwave with SpeedChef Cooking, LED Interior Lighting - Stainless Steel""}, {categoryName: ""Cooking"", productName: ""Bosch 500 Series 30"" Warming Drawer with 3 Power Levels, Proofing Mode, Auto Shut-Off, 2.2 cu. ft. Capacity - Stainless Steel""}, {categoryName: ""Cooking"", productName: ""Bosch Benchmark,1,000W Microwave Power, Convection, 10 Power Levels, 9 SpeedChef Cycles for Faster Cooking and Kitchen Timer""}",0.6
TST_466,2025-11-06T04:09:43.500Z,prod-api,wolf oven (Wall Oven),REVIEW,N/A,0/0,#FFE0B2,658,200,No results returned; requires manual review.,0.68
TST_467,2025-11-06T04:09:47.684Z,prod-api,wolf ovens (Wall Oven),REVIEW,N/A,0/0,#FFE0B2,606,200,No results returned; requires manual review.,0.62
TST_468,2025-11-06T04:09:54.917Z,prod-api,gas ovens (Wall Oven),FAIL,0.00%,0/10,#FFCDD2,2686,200,"Matched 0 of 10 item(s). Sample mismatches: {categoryName: ""Dishwashers"", productName: ""Thermador Emerald 24"" Stainless Steel Top Control Built In Dishwasher with 16 Place Setting Capacity, 8 Wash Cycles""}, {categoryName: ""Dishwashers"", productName: ""LG 24 Inch Front Control Dishwasher with LoDecibel(TM) Operation, QuadWash(TM), Dynamic Dry(TM), NeveRust(TM) Stainless Steel Tub - Stainless Steel""}, {categoryName: ""Dishwashers"", productName: ""GE 24 Inch Fully Integrated Dishwasher with 16 Place Settings, 3-Level Wash, Dry Boost Technology(TM) - Stainless Steel""}",2.71
TST_469,2025-11-06T04:10:03.112Z,prod-api,wall ovens (Wall Oven),FAIL,9000.00%,9/10,#FFCDD2,1021,200,"Matched 9 of 10 item(s). Sample mismatches: {categoryName: ""Cooking"", productName: ""Bosch 800 Series 30'' Built-In Convection Speed Microwave with SpeedChef Cooking, LED Interior Lighting - Stainless Steel""}",1.05
TST_470,2025-11-06T04:10:11.392Z,prod-api,double ovens (Wall Oven),PASS,10000.00%,10/10,#C8E6C9,867,200,,0.9
TST_471,2025-11-06T04:10:16.497Z,prod-api,double wall oven (Wall Oven),PASS,10000.00%,10/10,#C8E6C9,688,200,,0.71
TST_472,2025-11-06T04:10:21.556Z,prod-api,samsung oven (Wall Oven),PASS,10000.00%,10/10,#C8E6C9,602,200,,0.62
TST_473,2025-11-06T04:10:26.508Z,prod-api,steam oven (Wall Oven),PASS,10000.00%,10/10,#C8E6C9,590,200,,0.6
TST_474,2025-11-06T04:10:31.485Z,prod-api,whirlpool oven (Wall Oven),PASS,10000.00%,10/10,#C8E6C9,851,200,,0.86
TST_475,2025-11-06T04:10:37.353Z,prod-api,commercial oven (Wall Oven),FAIL,0.00%,0/10,#FFCDD2,1947,200,"Matched 0 of 10 item(s). Sample mismatches: {categoryName: ""Dishwashers"", productName: ""Thermador Emerald 24"" Stainless Steel Top Control Built In Dishwasher with 16 Place Setting Capacity, 8 Wash Cycles""}, {categoryName: ""Dishwashers"", productName: ""LG 24 Inch Front Control Dishwasher with LoDecibel(TM) Operation, QuadWash(TM), Dynamic Dry(TM), NeveRust(TM) Stainless Steel Tub - Stainless Steel""}, {categoryName: ""Dishwashers"", productName: ""GE 24 Inch Fully Integrated Dishwasher with 16 Place Settings, 3-Level Wash, Dry Boost Technology(TM) - Stainless Steel""}",1.95
TST_476,2025-11-06T04:10:47.070Z,prod-api,electric ovens (Wall Oven),FAIL,3000.00%,3/10,#FFCDD2,2786,200,"Matched 3 of 10 item(s). Sample mismatches: {categoryName: ""Dishwashers"", productName: ""Thermador Emerald 24"" Stainless Steel Top Control Built In Dishwasher with 16 Place Setting Capacity, 8 Wash Cycles""}, {categoryName: ""Dishwashers"", productName: ""LG 24 Inch Front Control Dishwasher with LoDecibel(TM) Operation, QuadWash(TM), Dynamic Dry(TM), NeveRust(TM) Stainless Steel Tub - Stainless Steel""}, {categoryName: ""Dishwashers"", productName: ""GE 24 Inch Fully Integrated Dishwasher with 16 Place Settings, 3-Level Wash, Dry Boost Technology(TM) - Stainless Steel""}",2.86
TST_477,2025-11-06T04:10:55.459Z,prod-api,frigidaire oven (Wall Oven),PASS,10000.00%,3/3,#C8E6C9,944,200,,0.97
TST_478,2025-11-06T04:11:00.199Z,prod-api,ge oven (Wall Oven),PASS,10000.00%,10/10,#C8E6C9,824,200,,0.84
TST_479,2025-11-06T04:11:05.858Z,prod-api,ge oven parts (Wall Oven),PASS,10000.00%,10/10,#C8E6C9,958,200,,0.97
TST_480,2025-11-06T04:11:10.926Z,prod-api,induction oven (Wall Oven),FAIL,2000.00%,2/10,#FFCDD2,668,200,"Matched 2 of 10 item(s). Sample mismatches: {categoryName: ""Dishwashers"", productName: ""Thermador Emerald 24"" Stainless Steel Top Control Built In Dishwasher with 16 Place Setting Capacity, 8 Wash Cycles""}, {categoryName: ""Dishwashers"", productName: ""LG 24 Inch Front Control Dishwasher with LoDecibel(TM) Operation, QuadWash(TM), Dynamic Dry(TM), NeveRust(TM) Stainless Steel Tub - Stainless Steel""}, {categoryName: ""Dishwashers"", productName: ""GE 24 Inch Fully Integrated Dishwasher with 16 Place Settings, 3-Level Wash, Dry Boost Technology(TM) - Stainless Steel""}",0.68
TST_481,2025-11-06T04:11:20.266Z,prod-api,small oven (Wall Oven),FAIL,2000.00%,2/10,#FFCDD2,2414,200,"Matched 2 of 10 item(s). Sample mismatches: {categoryName: ""Dishwashers"", productName: ""Thermador Emerald 24"" Stainless Steel Top Control Built In Dishwasher with 16 Place Setting Capacity, 8 Wash Cycles""}, {categoryName: ""Dishwashers"", productName: ""LG 24 Inch Front Control Dishwasher with LoDecibel(TM) Operation, QuadWash(TM), Dynamic Dry(TM), NeveRust(TM) Stainless Steel Tub - Stainless Steel""}, {categoryName: ""Dishwashers"", productName: ""GE 24 Inch Fully Integrated Dishwasher with 16 Place Settings, 3-Level Wash, Dry Boost Technology(TM) - Stainless Steel""}",2.44
TST_482,2025-11-06T04:11:28.934Z,prod-api,samsung gas oven (Wall Oven),PASS,10000.00%,10/10,#C8E6C9,1224,200,,1.25
TST_483,2025-11-06T04:11:34.294Z,prod-api,viking oven (Wall Oven),PASS,10000.00%,10/10,#C8E6C9,956,200,,0.97
TST_484,2025-11-06T04:11:39.045Z,prod-api,wall oven microwave combo (Wall Oven),PASS,10000.00%,3/3,#C8E6C9,647,200,,0.67
TST_485,2025-11-06T04:11:45.520Z,prod-api,built in oven (Wall Oven),PASS,10000.00%,10/10,#C8E6C9,2345,200,,2.36
TST_486,2025-11-06T04:11:49.440Z,prod-api,combi oven (Wall Oven),FAIL,7000.00%,7/10,#FFCDD2,695,200,"Matched 7 of 10 item(s). Sample mismatches: {categoryName: ""Cooking"", productName: ""JennAir 30"" 6.8 Cu. Ft. Slide-In Gas Range with 5 Sealed Burners and Air Fry""}, {categoryName: ""Cooking"", productName: ""KITCHENAID 30'' 5 Burner Gas Convection Slide-In Range with Baking Drawer - Stainless Steel""}, {categoryName: ""Cooking"", productName: ""Bosch 500 Series 30"" 2.1 cu. ft. Sensor Cooking, Automatic Defrost, Popcorn Program and LED Lighting Over the Range Microwave""}",0.71
TST_487,2025-11-06T04:11:57.916Z,prod-api,gas wall oven (Wall Oven),PASS,10000.00%,10/10,#C8E6C9,1459,200,,1.49
TST_488,2025-11-06T04:12:03.233Z,prod-api,ge gas oven (Wall Oven),PASS,10000.00%,10/10,#C8E6C9,939,200,,0.96
TST_489,2025-11-06T04:12:08.553Z,prod-api,kitchenaid oven (Wall Oven),PASS,10000.00%,10/10,#C8E6C9,858,200,,0.88
TST_490,2025-11-06T04:12:13.814Z,prod-api,lg oven (Wall Oven),PASS,10000.00%,10/10,#C8E6C9,757,200,,0.77
TST_491,2025-11-06T04:12:19.179Z,prod-api,microwave & oven (Wall Oven),PASS,10000.00%,10/10,#C8E6C9,862,200,,0.88
TST_492,2025-11-06T04:12:24.175Z,prod-api,microwave (Microwave),PASS,10000.00%,100/100,#C8E6C9,269,200,,0.28
TST_493,2025-11-06T04:12:29.985Z,prod-api,microwave oven (Microwave),PASS,10000.00%,10/10,#C8E6C9,954,200,,0.97
TST_494,2025-11-06T04:12:35.821Z,prod-api,microwaves (Microwave),PASS,10000.00%,100/100,#C8E6C9,469,200,,0.5
TST_495,2025-11-06T04:12:42.705Z,prod-api,over the range microwave (Microwave),PASS,10000.00%,5/5,#C8E6C9,916,200,,0.93
TST_496,2025-11-06T04:12:49.215Z,prod-api,drawer microwave (Microwave),PASS,10000.00%,10/10,#C8E6C9,796,200,,0.81
TST_497,2025-11-06T04:12:55.596Z,prod-api,samsung microwave (Microwave),PASS,10000.00%,10/10,#C8E6C9,844,200,,0.86
TST_498,2025-11-06T04:13:02.621Z,prod-api,small microwave (Microwave),PASS,10000.00%,1/1,#C8E6C9,1202,200,,1.23
TST_499,2025-11-06T04:13:08.348Z,prod-api,whirlpool microwave (Microwave),PASS,10000.00%,10/10,#C8E6C9,894,200,,0.92
TST_500,2025-11-06T04:13:14.514Z,prod-api,countertop microwave (Microwave),PASS,10000.00%,10/10,#C8E6C9,866,200,,0.88
TST_501,2025-11-06T04:13:20.208Z,prod-api,ge microwave (Microwave),PASS,10000.00%,10/10,#C8E6C9,759,200,,0.77
TST_502,2025-11-06T04:13:26.268Z,prod-api,microwave drawer (Microwave),PASS,10000.00%,10/10,#C8E6C9,1097,200,,1.11
TST_503,2025-11-06T04:13:33.315Z,prod-api,built in microwave (Microwave),PASS,10000.00%,10/10,#C8E6C9,939,200,,0.95
TST_504,2025-11-06T04:13:40.259Z,prod-api,frigidaire microwave (Microwave),PASS,10000.00%,3/3,#C8E6C9,678,200,,0.68
TST_505,2025-11-06T04:13:47.384Z,prod-api,lg microwave (Microwave),PASS,10000.00%,10/10,#C8E6C9,845,200,,0.86
TST_506,2025-11-06T04:13:54.436Z,prod-api,kitchenaid microwave (Microwave),PASS,10000.00%,10/10,#C8E6C9,832,200,,0.85
TST_507,2025-11-06T04:14:00.358Z,prod-api,microwave air fryer combo (Microwave),PASS,10000.00%,10/10,#C8E6C9,768,200,,0.78
TST_508,2025-11-06T04:14:06.685Z,prod-api,mini microwave (Microwave),PASS,10000.00%,1/1,#C8E6C9,834,200,,0.84
TST_509,2025-11-06T04:14:13.019Z,prod-api,cheap microwave (Microwave),PASS,10000.00%,10/10,#C8E6C9,919,200,,0.93
TST_510,2025-11-06T04:14:19.185Z,prod-api,general electric microwave (Microwave),PASS,10000.00%,10/10,#C8E6C9,919,200,,0.93
TST_511,2025-11-06T04:14:26.009Z,prod-api,ge profile microwave (Microwave),PASS,10000.00%,10/10,#C8E6C9,810,200,,0.85
TST_512,2025-11-06T04:14:33.238Z,prod-api,microwave cabinet (Microwave),PASS,10000.00%,1/1,#C8E6C9,667,200,,0.7
TST_513,2025-11-06T04:14:39.128Z,prod-api,microwave ovens (Microwave),PASS,10000.00%,10/10,#C8E6C9,637,200,,0.68
TST_514,2025-11-06T04:14:45.823Z,prod-api,microwaves on sale (Microwave),PASS,10000.00%,10/10,#C8E6C9,1090,200,,1.1
TST_515,2025-11-06T04:14:52.743Z,prod-api,otr microwave (Microwave),PASS,10000.00%,10/10,#C8E6C9,802,200,,0.82
TST_516,2025-11-06T04:15:00.457Z,prod-api,over the range microwave oven (Microwave),PASS,10000.00%,10/10,#C8E6C9,1341,200,,1.36
TST_517,2025-11-06T04:15:07.006Z,prod-api,over the range microwaves (Microwave),PASS,10000.00%,5/5,#C8E6C9,608,200,,0.62
TST_518,2025-11-06T04:15:13.517Z,prod-api,above range microwave (Microwave),PASS,10000.00%,10/10,#C8E6C9,613,200,,0.63
TST_519,2025-11-06T04:15:20.017Z,prod-api,above stove microwave (Microwave),PASS,10000.00%,10/10,#C8E6C9,652,200,,0.67
TST_520,2025-11-06T04:15:26.316Z,prod-api,ge microwaves (Microwave),PASS,10000.00%,10/10,#C8E6C9,937,200,,0.95
TST_521,2025-11-06T04:15:33.114Z,prod-api,kitchen aid microwave (Microwave),PASS,10000.00%,10/10,#C8E6C9,664,200,,0.68
TST_522,2025-11-06T04:15:39.700Z,prod-api,microwave oven combo (Microwave),PASS,10000.00%,10/10,#C8E6C9,953,200,,0.97
TST_523,2025-11-06T04:15:46.040Z,prod-api,microwave sale (Microwave),PASS,10000.00%,10/10,#C8E6C9,622,200,,0.64
TST_524,2025-11-06T04:15:52.490Z,prod-api,over range microwave (Microwave),PASS,10000.00%,5/5,#C8E6C9,710,200,,0.72
TST_525,2025-11-06T04:15:59.095Z,prod-api,over the stove microwave (Microwave),PASS,10000.00%,5/5,#C8E6C9,624,200,,0.66
TST_526,2025-11-06T04:16:05.812Z,prod-api,overhead microwave (Microwave),PASS,10000.00%,10/10,#C8E6C9,578,200,,0.59
TST_527,2025-11-06T04:16:13.120Z,prod-api,samsung over the range microwave (Microwave),PASS,10000.00%,10/10,#C8E6C9,1078,200,,1.09
TST_528,2025-11-06T04:16:19.194Z,prod-api,sharp carousel microwave (Microwave),PASS,10000.00%,2/2,#C8E6C9,823,200,,0.84
TST_529,2025-11-06T04:16:25.325Z,prod-api,sharp microwave drawer (Microwave),PASS,10000.00%,8/8,#C8E6C9,860,200,,0.87
TST_530,2025-11-06T04:16:31.303Z,prod-api,whirlpool over the range microwave (Microwave),PASS,10000.00%,10/10,#C8E6C9,959,200,,0.97
TST_531,2025-11-06T04:16:37.140Z,prod-api,air fryer microwave (Microwave),PASS,10000.00%,10/10,#C8E6C9,809,200,,0.82
TST_532,2025-11-06T04:16:44.292Z,prod-api,built in microwaves (Microwave),PASS,10000.00%,10/10,#C8E6C9,917,200,,0.93
TST_533,2025-11-06T04:16:51.331Z,prod-api,convection microwaves (Microwave),PASS,10000.00%,10/10,#C8E6C9,1007,200,,1.02
TST_534,2025-11-06T04:16:59.075Z,prod-api,microwave above stove (Microwave),PASS,10000.00%,10/10,#C8E6C9,1198,200,,1.22
TST_535,2025-11-06T04:17:06.284Z,prod-api,microwave over the range (Microwave),PASS,10000.00%,10/10,#C8E6C9,982,200,,1
TST_536,2025-11-06T04:17:13.630Z,prod-api,oven microwave combo (Microwave),PASS,10000.00%,10/10,#C8E6C9,828,200,,0.84
TST_537,2025-11-06T04:17:19.088Z,prod-api,over the range microwave ovens (Microwave),PASS,10000.00%,10/10,#C8E6C9,714,200,,0.73
TST_538,2025-11-06T04:17:24.592Z,prod-api,sharp microwave drawer (Microwave),PASS,10000.00%,8/8,#C8E6C9,82,200,,0.1
TST_539,2025-11-06T04:17:31.440Z,prod-api,small microwaves (Microwave),PASS,10000.00%,1/1,#C8E6C9,878,200,,0.9
TST_540,2025-11-06T04:17:37.925Z,prod-api,stainless steel microwave (Microwave),PASS,10000.00%,10/10,#C8E6C9,845,200,,0.86
TST_541,2025-11-06T04:17:44.363Z,prod-api,under cabinet microwave (Microwave),PASS,10000.00%,1/1,#C8E6C9,877,200,,0.89
TST_542,2025-11-06T04:17:51.014Z,prod-api,range hood (Range Hood),PASS,10000.00%,10/10,#C8E6C9,1466,200,,1.48
TST_543,2025-11-06T04:17:57.018Z,prod-api,range hood vent (Range Hood),PASS,10000.00%,10/10,#C8E6C9,564,200,,0.58
TST_544,2025-11-06T04:18:03.600Z,prod-api,range hoods (Range Hood),PASS,10000.00%,10/10,#C8E6C9,1567,200,,1.58
TST_545,2025-11-06T04:18:09.568Z,prod-api,ductless range hood (Range Hood),PASS,10000.00%,2/2,#C8E6C9,655,200,,0.67
TST_546,2025-11-06T04:18:16.847Z,prod-api,broan range hood (Range Hood),PASS,10000.00%,10/10,#C8E6C9,901,200,,0.92
TST_547,2025-11-06T04:18:24.179Z,prod-api,under cabinet range hood (Range Hood),PASS,10000.00%,10/10,#C8E6C9,825,200,,0.84
TST_548,2025-11-06T04:18:31.898Z,prod-api,range hood cover (Range Hood),REVIEW,N/A,0/0,#FFE0B2,787,200,No results returned; requires manual review.,0.8
TST_549,2025-11-06T04:18:39.479Z,prod-api,island range hood (Range Hood),FAIL,9000.00%,9/10,#FFCDD2,835,200,"Matched 9 of 10 item(s). Sample mismatches: {categoryName: ""Cooking"", productName: ""Miele 43"" Ceiling Extractor with 625 CFM - Stainless Steel""}",0.85
TST_550,2025-11-06T04:18:49.795Z,prod-api,zline range hood (Range Hood),REVIEW,N/A,0/0,#FFE0B2,760,200,No results returned; requires manual review.,0.78
TST_551,2025-11-06T04:18:55.575Z,prod-api,hood range (Range Hood),PASS,10000.00%,1/1,#C8E6C9,852,200,,0.87
TST_552,2025-11-06T04:19:01.858Z,prod-api,microwave range hood (Range Hood),PASS,10000.00%,10/10,#C8E6C9,976,200,,1
TST_553,2025-11-06T04:19:07.808Z,prod-api,range hoods under cabinet (Range Hood),PASS,10000.00%,10/10,#C8E6C9,1164,200,,1.18
TST_554,2025-11-06T04:19:14.013Z,prod-api,stainless steel range hood (Range Hood),PASS,10000.00%,10/10,#C8E6C9,1181,200,,1.2
TST_555,2025-11-06T04:19:19.797Z,prod-api,best range hoods (Range Hood),REVIEW,N/A,0/0,#FFE0B2,646,200,No results returned; requires manual review.,0.66
TST_556,2025-11-06T04:19:26.449Z,prod-api,broan range hoods (Range Hood),PASS,10000.00%,10/10,#C8E6C9,890,200,,0.9
TST_557,2025-11-06T04:19:33.285Z,prod-api,kitchen aid range hood free standing (Range Hood),PASS,10000.00%,10/10,#C8E6C9,692,200,,0.7
TST_558,2025-11-06T04:19:40.405Z,prod-api,kitchen ductless range hoods (Range Hood),PASS,10000.00%,10/10,#C8E6C9,678,200,,0.7
TST_559,2025-11-06T04:19:48.031Z,prod-api,kitchenaid range hood freestanding (Range Hood),PASS,10000.00%,10/10,#C8E6C9,768,200,,0.78
TST_560,2025-11-06T04:19:55.372Z,prod-api,range hood filter (Range Hood),PASS,10000.00%,10/10,#C8E6C9,1088,200,,1.1
TST_561,2025-11-06T04:20:02.498Z,prod-api,range hood insert (Range Hood),PASS,10000.00%,10/10,#C8E6C9,1063,200,,1.08
TST_562,2025-11-06T04:20:09.111Z,prod-api,under cabinet oven range hood 30 inch (Range Hood),PASS,10000.00%,10/10,#C8E6C9,701,200,,0.71
TST_563,2025-11-06T04:20:16.903Z,prod-api,under cabinet range hoods (Range Hood),PASS,10000.00%,10/10,#C8E6C9,729,200,,0.75
TST_564,2025-11-06T04:20:24.558Z,prod-api,30 inch range hood (Range Hood),PASS,10000.00%,10/10,#C8E6C9,923,200,,0.94
TST_565,2025-11-06T04:20:31.644Z,prod-api,36 range hood (Range Hood),PASS,10000.00%,10/10,#C8E6C9,758,200,,0.77
TST_566,2025-11-06T04:20:38.567Z,prod-api,black range hood (Range Hood),PASS,10000.00%,10/10,#C8E6C9,864,200,,0.88
TST_567,2025-11-06T04:20:46.469Z,prod-api,ductless range hoods (Range Hood),PASS,10000.00%,2/2,#C8E6C9,979,200,,1
TST_568,2025-11-06T04:20:53.879Z,prod-api,oven range hood (Range Hood),PASS,10000.00%,10/10,#C8E6C9,983,200,,1.01
TST_569,2025-11-06T04:20:59.759Z,prod-api,range hoods for stove (Range Hood),PASS,10000.00%,10/10,#C8E6C9,897,200,,0.91
TST_570,2025-11-06T04:21:06.986Z,prod-api,under cabinet range hood exhaust (Range Hood),PASS,10000.00%,2/2,#C8E6C9,721,200,,0.73
TST_571,2025-11-06T04:21:15.145Z,prod-api,wall mount range hood (Range Hood),PASS,10000.00%,10/10,#C8E6C9,1155,200,,1.17
TST_572,2025-11-06T04:21:22.214Z,prod-api,zephyr range hoods (Range Hood),PASS,10000.00%,10/10,#C8E6C9,616,200,,0.63
TST_573,2025-11-06T04:21:30.634Z,prod-api,zephyr range hoods fan turns on by itself (Range Hood),PASS,10000.00%,10/10,#C8E6C9,1356,200,,1.37
TST_574,2025-11-06T04:21:38.313Z,prod-api,30 range hood (Range Hood),PASS,10000.00%,10/10,#C8E6C9,768,200,,0.79
TST_575,2025-11-06T04:21:45.975Z,prod-api,36 inch range hood (Range Hood),PASS,10000.00%,10/10,#C8E6C9,819,200,,0.84
TST_576,2025-11-06T04:21:53.314Z,prod-api,best range hood (Range Hood),REVIEW,N/A,0/0,#FFE0B2,606,200,No results returned; requires manual review.,0.61
TST_577,2025-11-06T04:22:00.884Z,prod-api,ducted range hood (Range Hood),PASS,10000.00%,10/10,#C8E6C9,829,200,,0.84
TST_578,2025-11-06T04:22:08.515Z,prod-api,ge range hood (Range Hood),PASS,10000.00%,10/10,#C8E6C9,772,200,,0.78
TST_579,2025-11-06T04:22:16.791Z,prod-api,island range hoods (Range Hood),FAIL,9000.00%,9/10,#FFCDD2,782,200,"Matched 9 of 10 item(s). Sample mismatches: {categoryName: ""Cooking"", productName: ""Miele 43"" Ceiling Extractor with 625 CFM - Stainless Steel""}",0.79
TST_580,2025-11-06T04:22:27.625Z,prod-api,kitchen range exhaust hoods (Range Hood),PASS,10000.00%,10/10,#C8E6C9,1299,200,,1.32
TST_581,2025-11-06T04:22:34.175Z,prod-api,kitchen range hood (Range Hood),PASS,10000.00%,10/10,#C8E6C9,1310,200,,1.34
TST_582,2025-11-06T04:22:40.619Z,prod-api,kitchen range hood luxury (Range Hood),PASS,10000.00%,10/10,#C8E6C9,929,200,,0.95
TST_583,2025-11-06T04:22:47.385Z,prod-api,kitchen range hood luxury modern (Range Hood),PASS,10000.00%,10/10,#C8E6C9,1164,200,,1.18
TST_584,2025-11-06T04:22:53.065Z,prod-api,kitchen hood (Range Hood),PASS,10000.00%,10/10,#C8E6C9,837,200,,0.85
TST_585,2025-11-06T04:22:59.608Z,prod-api,kitchen hoods (Range Hood),PASS,10000.00%,10/10,#C8E6C9,988,200,,1
TST_586,2025-11-06T04:23:07.100Z,prod-api,vent hood kitchen (Range Hood),REVIEW,N/A,0/0,#FFE0B2,919,200,No results returned; requires manual review.,0.94
TST_587,2025-11-06T04:23:14.620Z,prod-api,kitchen hood vent (Range Hood),PASS,10000.00%,10/10,#C8E6C9,999,200,,1.01
TST_588,2025-11-06T04:23:22.419Z,prod-api,kitchen ductless range hoods (Range Hood),PASS,10000.00%,10/10,#C8E6C9,594,200,,0.61
TST_589,2025-11-06T04:23:30.250Z,prod-api,kitchen vent hood (Range Hood),REVIEW,N/A,0/0,#FFE0B2,945,200,No results returned; requires manual review.,0.96
TST_590,2025-11-06T04:23:37.905Z,prod-api,hood vent kitchen (Range Hood),PASS,10000.00%,10/10,#C8E6C9,759,200,,0.77
TST_591,2025-11-06T04:23:45.786Z,prod-api,kitchen exhaust hood (Range Hood),PASS,10000.00%,10/10,#C8E6C9,962,200,,0.98
TST_592,2025-11-06T04:23:53.237Z,prod-api,miele built in coffee system (Coffee System),REVIEW,N/A,0/0,#FFE0B2,700,200,No results returned; requires manual review.,0.71
TST_593,2025-11-06T04:24:01.531Z,prod-api,stainless steel coffee system (Coffee System),PASS,10000.00%,10/10,#C8E6C9,1043,200,,1.06
TST_594,2025-11-06T04:24:09.398Z,prod-api,commercial coffee systems (Coffee System),FAIL,6000.00%,6/10,#FFCDD2,1001,200,"Matched 6 of 10 item(s). Sample mismatches: {categoryName: ""Cooking"", productName: ""Bosch 800 Series Fully Automatic Espresso Machine VeroCafe Piano Black, Removable Water Tank""}, {categoryName: ""Cooking"", productName: ""Bosch 800 Series Fully Automatic Espresso Machine VeroCafe Silver, Removable Water Tank""}, {categoryName: ""Cooking"", productName: ""Bosch 800 Series Fully Automatic Espresso Machine VeroCafe Stainless Steel, Removable Water Tank""}",1.01
TST_595,2025-11-06T04:24:20.117Z,prod-api,drip coffee system (Coffee System),PASS,10000.00%,1/1,#C8E6C9,1306,200,,1.33
TST_596,2025-11-06T04:24:26.915Z,prod-api,coffee maker (Coffee System),FAIL,0.00%,0/10,#FFCDD2,1019,200,"Matched 0 of 10 item(s). Sample mismatches: {categoryName: ""Dishwashers"", productName: ""Thermador Emerald 24"" Stainless Steel Top Control Built In Dishwasher with 16 Place Setting Capacity, 8 Wash Cycles""}, {categoryName: ""Dishwashers"", productName: ""LG 24 Inch Front Control Dishwasher with LoDecibel(TM) Operation, QuadWash(TM), Dynamic Dry(TM), NeveRust(TM) Stainless Steel Tub - Stainless Steel""}, {categoryName: ""Dishwashers"", productName: ""GE 24 Inch Fully Integrated Dishwasher with 16 Place Settings, 3-Level Wash, Dry Boost Technology(TM) - Stainless Steel""}",1.04
TST_597,2025-11-06T04:24:36.462Z,prod-api,smeg coffee maker (Coffee System),PASS,10000.00%,2/2,#C8E6C9,1109,200,,1.14
TST_598,2025-11-06T04:24:44.193Z,prod-api,drip coffee maker (Coffee System),FAIL,0.00%,0/10,#FFCDD2,2146,200,"Matched 0 of 10 item(s). Sample mismatches: {categoryName: ""Dishwashers"", productName: ""Thermador Emerald 24"" Stainless Steel Top Control Built In Dishwasher with 16 Place Setting Capacity, 8 Wash Cycles""}, {categoryName: ""Dishwashers"", productName: ""LG 24 Inch Front Control Dishwasher with LoDecibel(TM) Operation, QuadWash(TM), Dynamic Dry(TM), NeveRust(TM) Stainless Steel Tub - Stainless Steel""}, {categoryName: ""Dishwashers"", productName: ""GE 24 Inch Fully Integrated Dishwasher with 16 Place Settings, 3-Level Wash, Dry Boost Technology(TM) - Stainless Steel""}",2.17
TST_599,2025-11-06T04:24:54.713Z,prod-api,iced coffee maker (Coffee System),FAIL,0.00%,0/10,#FFCDD2,2064,200,"Matched 0 of 10 item(s). Sample mismatches: {categoryName: ""Dishwashers"", productName: ""Thermador Emerald 24"" Stainless Steel Top Control Built In Dishwasher with 16 Place Setting Capacity, 8 Wash Cycles""}, {categoryName: ""Dishwashers"", productName: ""LG 24 Inch Front Control Dishwasher with LoDecibel(TM) Operation, QuadWash(TM), Dynamic Dry(TM), NeveRust(TM) Stainless Steel Tub - Stainless Steel""}, {categoryName: ""Dishwashers"", productName: ""GE 24 Inch Fully Integrated Dishwasher with 16 Place Settings, 3-Level Wash, Dry Boost Technology(TM) - Stainless Steel""}",2.09
TST_600,2025-11-06T04:25:04.404Z,prod-api,coffee maker with grinder (Coffee System),FAIL,9000.00%,9/10,#FFCDD2,2129,200,"Matched 9 of 10 item(s). Sample mismatches: {categoryName: ""Dishwashers"", productName: ""Bosch 100 Series 24 in. Stainless Steel Front Control Smart Built-In Stainless Steel Tub Dishwasher, 48 dBA""}",2.17
TST_601,2025-11-06T04:25:15.362Z,prod-api,single serve coffee maker (Coffee System),FAIL,0.00%,0/10,#FFCDD2,2719,200,"Matched 0 of 10 item(s). Sample mismatches: {categoryName: ""Dishwashers"", productName: ""Thermador Emerald 24"" Stainless Steel Top Control Built In Dishwasher with 16 Place Setting Capacity, 8 Wash Cycles""}, {categoryName: ""Dishwashers"", productName: ""LG 24 Inch Front Control Dishwasher with LoDecibel(TM) Operation, QuadWash(TM), Dynamic Dry(TM), NeveRust(TM) Stainless Steel Tub - Stainless Steel""}, {categoryName: ""Dishwashers"", productName: ""GE 24 Inch Fully Integrated Dishwasher with 16 Place Settings, 3-Level Wash, Dry Boost Technology(TM) - Stainless Steel""}",2.75
TST_602,2025-11-06T04:25:24.464Z,prod-api,miele coffee maker (Coffee System),PASS,10000.00%,10/10,#C8E6C9,1032,200,,1.06
TST_603,2025-11-06T04:25:31.144Z,prod-api,kitchenaid coffee maker (Coffee System),PASS,10000.00%,10/10,#C8E6C9,1361,200,,1.38
TST_604,2025-11-06T04:25:38.853Z,prod-api,espresso coffee maker (Coffee System),FAIL,0.00%,0/10,#FFCDD2,2132,200,"Matched 0 of 10 item(s). Sample mismatches: {categoryName: ""Dishwashers"", productName: ""Thermador Emerald 24"" Stainless Steel Top Control Built In Dishwasher with 16 Place Setting Capacity, 8 Wash Cycles""}, {categoryName: ""Dishwashers"", productName: ""LG 24 Inch Front Control Dishwasher with LoDecibel(TM) Operation, QuadWash(TM), Dynamic Dry(TM), NeveRust(TM) Stainless Steel Tub - Stainless Steel""}, {categoryName: ""Dishwashers"", productName: ""GE 24 Inch Fully Integrated Dishwasher with 16 Place Settings, 3-Level Wash, Dry Boost Technology(TM) - Stainless Steel""}",2.15
TST_605,2025-11-06T04:25:47.694Z,prod-api,coffee grinder and maker (Coffee System),PASS,10000.00%,1/1,#C8E6C9,1350,200,,1.36
TST_606,2025-11-06T04:25:54.909Z,prod-api,coffee machine (Coffee System),FAIL,0.00%,0/10,#FFCDD2,1903,200,"Matched 0 of 10 item(s). Sample mismatches: {categoryName: ""Dishwashers"", productName: ""Thermador Emerald 24"" Stainless Steel Top Control Built In Dishwasher with 16 Place Setting Capacity, 8 Wash Cycles""}, {categoryName: ""Dishwashers"", productName: ""LG 24 Inch Front Control Dishwasher with LoDecibel(TM) Operation, QuadWash(TM), Dynamic Dry(TM), NeveRust(TM) Stainless Steel Tub - Stainless Steel""}, {categoryName: ""Dishwashers"", productName: ""GE 24 Inch Fully Integrated Dishwasher with 16 Place Settings, 3-Level Wash, Dry Boost Technology(TM) - Stainless Steel""}",1.93
TST_607,2025-11-06T04:26:03.270Z,prod-api,coffee machines (Coffee System),FAIL,2000.00%,2/10,#FFCDD2,1115,200,"Matched 2 of 10 item(s). Sample mismatches: {categoryName: ""Washers & Dryers"", productName: ""GE Unitized Spacemaker(R) 2.3 cu. ft. Capacity Washer with Stainless Steel Basket and 4.4 cu. ft. Capacity Electric Dryer""}, {categoryName: ""Washers & Dryers"", productName: ""Frigidaire 3.9 cu. ft. Washer and 5.5 cu. ft. Electric Dryer Combo with Quick Wash, Dry Cycle and MaxFill Wash Cycle""}, {categoryName: ""Washers & Dryers"", productName: ""Frigidaire 3.9 cu. ft. Washer and 5.5 cu. ft. Gas Dryer Combo with Quick Wash & Dry Cycle, MaxFill and Long Vent - White""}",1.15
TST_608,2025-11-06T04:26:13.078Z,prod-api,brew coffee machines (Coffee System),FAIL,0.00%,0/10,#FFCDD2,1602,200,"Matched 0 of 10 item(s). Sample mismatches: {categoryName: ""Washers & Dryers"", productName: ""GE Unitized Spacemaker(R) 2.3 cu. ft. Capacity Washer with Stainless Steel Basket and 4.4 cu. ft. Capacity Electric Dryer""}, {categoryName: ""Washers & Dryers"", productName: ""Frigidaire 3.9 cu. ft. Washer and 5.5 cu. ft. Electric Dryer Combo with Quick Wash, Dry Cycle and MaxFill Wash Cycle""}, {categoryName: ""Washers & Dryers"", productName: ""Frigidaire 3.9 cu. ft. Washer and 5.5 cu. ft. Gas Dryer Combo with Quick Wash & Dry Cycle, MaxFill and Long Vent - White""}",1.64
TST_609,2025-11-06T04:26:22.346Z,prod-api,coffee drip machine (Coffee System),FAIL,0.00%,0/10,#FFCDD2,929,200,"Matched 0 of 10 item(s). Sample mismatches: {categoryName: ""Washers & Dryers"", productName: ""GE Unitized Spacemaker(R) 2.3 cu. ft. Capacity Washer with Stainless Steel Basket and 4.4 cu. ft. Capacity Electric Dryer""}, {categoryName: ""Washers & Dryers"", productName: ""Frigidaire 3.9 cu. ft. Washer and 5.5 cu. ft. Electric Dryer Combo with Quick Wash, Dry Cycle and MaxFill Wash Cycle""}, {categoryName: ""Washers & Dryers"", productName: ""Frigidaire 3.9 cu. ft. Washer and 5.5 cu. ft. Gas Dryer Combo with Quick Wash & Dry Cycle, MaxFill and Long Vent - White""}",0.96
TST_610,2025-11-06T04:26:32.739Z,prod-api,coffee machine with grinder (Coffee System),FAIL,9000.00%,9/10,#FFCDD2,2109,200,"Matched 9 of 10 item(s). Sample mismatches: {categoryName: ""Dishwashers"", productName: ""Bosch 100 Series 24 in. Stainless Steel Front Control Smart Built-In Stainless Steel Tub Dishwasher, 48 dBA""}",2.13
TST_611,2025-11-06T04:26:41.925Z,prod-api,commercial coffee machines (Coffee System),FAIL,0.00%,0/10,#FFCDD2,1272,200,"Matched 0 of 10 item(s). Sample mismatches: {categoryName: ""Washers & Dryers"", productName: ""GE Unitized Spacemaker(R) 2.3 cu. ft. Capacity Washer with Stainless Steel Basket and 4.4 cu. ft. Capacity Electric Dryer""}, {categoryName: ""Washers & Dryers"", productName: ""Frigidaire 3.9 cu. ft. Washer and 5.5 cu. ft. Electric Dryer Combo with Quick Wash, Dry Cycle and MaxFill Wash Cycle""}, {categoryName: ""Washers & Dryers"", productName: ""Frigidaire 3.9 cu. ft. Washer and 5.5 cu. ft. Gas Dryer Combo with Quick Wash & Dry Cycle, MaxFill and Long Vent - White""}",1.31
TST_612,2025-11-06T04:26:50.595Z,prod-api,commercial coffee machines (Coffee System),FAIL,0.00%,0/10,#FFCDD2,317,200,"Matched 0 of 10 item(s). Sample mismatches: {categoryName: ""Washers & Dryers"", productName: ""GE Unitized Spacemaker(R) 2.3 cu. ft. Capacity Washer with Stainless Steel Basket and 4.4 cu. ft. Capacity Electric Dryer""}, {categoryName: ""Washers & Dryers"", productName: ""Frigidaire 3.9 cu. ft. Washer and 5.5 cu. ft. Electric Dryer Combo with Quick Wash, Dry Cycle and MaxFill Wash Cycle""}, {categoryName: ""Washers & Dryers"", productName: ""Frigidaire 3.9 cu. ft. Washer and 5.5 cu. ft. Gas Dryer Combo with Quick Wash & Dry Cycle, MaxFill and Long Vent - White""}",0.34
TST_613,2025-11-06T04:27:01.417Z,prod-api,espresso coffee machine (Coffee System),FAIL,0.00%,0/10,#FFCDD2,2477,200,"Matched 0 of 10 item(s). Sample mismatches: {categoryName: ""Dishwashers"", productName: ""Thermador Emerald 24"" Stainless Steel Top Control Built In Dishwasher with 16 Place Setting Capacity, 8 Wash Cycles""}, {categoryName: ""Dishwashers"", productName: ""LG 24 Inch Front Control Dishwasher with LoDecibel(TM) Operation, QuadWash(TM), Dynamic Dry(TM), NeveRust(TM) Stainless Steel Tub - Stainless Steel""}, {categoryName: ""Dishwashers"", productName: ""GE 24 Inch Fully Integrated Dishwasher with 16 Place Settings, 3-Level Wash, Dry Boost Technology(TM) - Stainless Steel""}",2.51
TST_614,2025-11-06T04:27:10.630Z,prod-api,pour over coffee machine (Coffee System),FAIL,0.00%,0/10,#FFCDD2,1020,200,"Matched 0 of 10 item(s). Sample mismatches: {categoryName: ""Dishwashers"", productName: ""Thermador Emerald 24"" Stainless Steel Top Control Built In Dishwasher with 16 Place Setting Capacity, 8 Wash Cycles""}, {categoryName: ""Dishwashers"", productName: ""LG 24 Inch Front Control Dishwasher with LoDecibel(TM) Operation, QuadWash(TM), Dynamic Dry(TM), NeveRust(TM) Stainless Steel Tub - Stainless Steel""}, {categoryName: ""Dishwashers"", productName: ""GE 24 Inch Fully Integrated Dishwasher with 16 Place Settings, 3-Level Wash, Dry Boost Technology(TM) - Stainless Steel""}",1.06
TST_615,2025-11-06T04:27:20.207Z,prod-api,automatic coffee machine (Coffee System),FAIL,0.00%,0/10,#FFCDD2,1462,200,"Matched 0 of 10 item(s). Sample mismatches: {categoryName: ""Dishwashers"", productName: ""Thermador Emerald 24"" Stainless Steel Top Control Built In Dishwasher with 16 Place Setting Capacity, 8 Wash Cycles""}, {categoryName: ""Dishwashers"", productName: ""LG 24 Inch Front Control Dishwasher with LoDecibel(TM) Operation, QuadWash(TM), Dynamic Dry(TM), NeveRust(TM) Stainless Steel Tub - Stainless Steel""}, {categoryName: ""Dishwashers"", productName: ""GE 24 Inch Fully Integrated Dishwasher with 16 Place Settings, 3-Level Wash, Dry Boost Technology(TM) - Stainless Steel""}",1.5
TST_616,2025-11-06T04:27:29.294Z,prod-api,coffee espresso machine (Coffee System),FAIL,1000.00%,1/10,#FFCDD2,1027,200,"Matched 1 of 10 item(s). Sample mismatches: {categoryName: ""Washers & Dryers"", productName: ""GE Unitized Spacemaker(R) 2.3 cu. ft. Capacity Washer with Stainless Steel Basket and 4.4 cu. ft. Capacity Electric Dryer""}, {categoryName: ""Washers & Dryers"", productName: ""Frigidaire 3.9 cu. ft. Washer and 5.5 cu. ft. Electric Dryer Combo with Quick Wash, Dry Cycle and MaxFill Wash Cycle""}, {categoryName: ""Washers & Dryers"", productName: ""Frigidaire 3.9 cu. ft. Washer and 5.5 cu. ft. Gas Dryer Combo with Quick Wash & Dry Cycle, MaxFill and Long Vent - White""}",1.06
TST_617,2025-11-06T04:27:38.095Z,prod-api,miele coffee machine (Coffee System),PASS,10000.00%,10/10,#C8E6C9,1262,200,,1.29
TST_618,2025-11-06T04:27:43.934Z,prod-api,smeg coffee machine (Coffee System),PASS,10000.00%,2/2,#C8E6C9,838,200,,0.86
TST_619,2025-11-06T04:27:50.610Z,prod-api,commercial espresso coffee machine (Coffee System),FAIL,0.00%,0/10,#FFCDD2,1171,200,"Matched 0 of 10 item(s). Sample mismatches: {categoryName: ""Dishwashers"", productName: ""Thermador Emerald 24"" Stainless Steel Top Control Built In Dishwasher with 16 Place Setting Capacity, 8 Wash Cycles""}, {categoryName: ""Dishwashers"", productName: ""LG 24 Inch Front Control Dishwasher with LoDecibel(TM) Operation, QuadWash(TM), Dynamic Dry(TM), NeveRust(TM) Stainless Steel Tub - Stainless Steel""}, {categoryName: ""Dishwashers"", productName: ""GE 24 Inch Fully Integrated Dishwasher with 16 Place Settings, 3-Level Wash, Dry Boost Technology(TM) - Stainless Steel""}",1.19
TST_620,2025-11-06T04:27:59.803Z,prod-api,espresso coffee machines (Coffee System),FAIL,1000.00%,1/10,#FFCDD2,1265,200,"Matched 1 of 10 item(s). Sample mismatches: {categoryName: ""Washers & Dryers"", productName: ""GE Unitized Spacemaker(R) 2.3 cu. ft. Capacity Washer with Stainless Steel Basket and 4.4 cu. ft. Capacity Electric Dryer""}, {categoryName: ""Washers & Dryers"", productName: ""Frigidaire 3.9 cu. ft. Washer and 5.5 cu. ft. Electric Dryer Combo with Quick Wash, Dry Cycle and MaxFill Wash Cycle""}, {categoryName: ""Washers & Dryers"", productName: ""Frigidaire 3.9 cu. ft. Washer and 5.5 cu. ft. Gas Dryer Combo with Quick Wash & Dry Cycle, MaxFill and Long Vent - White""}",1.29
TST_621,2025-11-06T04:28:10.227Z,prod-api,espresso machine coffee maker (Coffee System),FAIL,0.00%,0/10,#FFCDD2,2282,200,"Matched 0 of 10 item(s). Sample mismatches: {categoryName: ""Dishwashers"", productName: ""Thermador Emerald 24"" Stainless Steel Top Control Built In Dishwasher with 16 Place Setting Capacity, 8 Wash Cycles""}, {categoryName: ""Washers & Dryers"", productName: ""GE Unitized Spacemaker(R) 2.3 cu. ft. Capacity Washer with Stainless Steel Basket and 4.4 cu. ft. Capacity Electric Dryer""}, {categoryName: ""Washers & Dryers"", productName: ""Frigidaire 3.9 cu. ft. Washer and 5.5 cu. ft. Electric Dryer Combo with Quick Wash, Dry Cycle and MaxFill Wash Cycle""}",2.31
TST_622,2025-11-06T04:28:19.543Z,prod-api,food disposal (Food Disposal),FAIL,0.00%,0/10,#FFCDD2,948,200,"Matched 0 of 10 item(s). Sample mismatches: {categoryName: ""Cooking"", productName: ""Frigidaire 1/2 HP Continuous Feed Waste Disposer with 2,600 RPM""}, {categoryName: ""Cooking"", productName: ""GE 1/2 Hp Continuous Feed Garbage Disposer - Corded""}, {categoryName: ""Cooking"", productName: ""GE Appliances 1 HP Continuous Feed Garbage Disposer Non-Corded""}",0.97
TST_623,2025-11-06T04:28:28.871Z,prod-api,food disposal sink (Food Disposal),FAIL,1000.00%,1/10,#FFCDD2,1232,200,"Matched 1 of 10 item(s). Sample mismatches: {categoryName: ""Cooking"", productName: ""Frigidaire Gallery 3/4 HP Waste Disposer""}, {categoryName: ""Cooking"", productName: ""GE 1/2 Hp Continuous Feed Garbage Disposer - Corded""}, {categoryName: ""Cooking"", productName: ""GE Appliances 1 HP Continuous Feed Garbage Disposer Non-Corded""}",1.26
TST_624,2025-11-06T04:28:38.527Z,prod-api,food garbage disposal (Food Disposal),PASS,10000.00%,10/10,#C8E6C9,1258,200,,1.29
TST_625,2025-11-06T04:28:45.209Z,prod-api,under sink food disposal (Food Disposal),FAIL,0.00%,0/10,#FFCDD2,790,200,"Matched 0 of 10 item(s). Sample mismatches: {categoryName: ""Cooking"", productName: ""Frigidaire 1/2 HP Continuous Feed Waste Disposer with 2,600 RPM""}, {categoryName: ""Cooking"", productName: ""GE 1/2 Hp Continuous Feed Garbage Disposer - Corded""}, {categoryName: ""Cooking"", productName: ""GE Appliances 1 HP Continuous Feed Garbage Disposer Non-Corded""}",0.81
TST_626,2025-11-06T04:28:54.566Z,prod-api,food waste dispoer (Food Disposal),PASS,10000.00%,4/4,#C8E6C9,1059,200,,1.09
TST_627,2025-11-06T04:29:01.156Z,prod-api,sink food waste disposer (Food Disposal),PASS,10000.00%,4/4,#C8E6C9,962,200,,0.98
TST_628,2025-11-06T04:29:07.549Z,prod-api,garbage disposal (Food Disposal),PASS,10000.00%,10/10,#C8E6C9,868,200,,0.89
TST_629,2025-11-06T04:29:14.321Z,prod-api,garbage disposals (Food Disposal),PASS,10000.00%,10/10,#C8E6C9,803,200,,0.82
TST_630,2025-11-06T04:29:20.764Z,prod-api,sink garbage disposal (Food Disposal),FAIL,0.00%,0/10,#FFCDD2,730,200,"Matched 0 of 10 item(s). Sample mismatches: {categoryName: ""Cooking"", productName: ""Viking 27"" Warming Drawer with Temperature Setting, Automatic Shutoff, Meat Probe, Touch Digital Control and Sabbath Mode - Blush""}, {categoryName: ""Cooking"", productName: ""Viking 30"" Warming Drawer with 1.6 cu. ft. Capacity, 450 Watt Element, Removable Racks and Moisture Cup - Blush""}, {categoryName: ""Cooking"", productName: ""VIKING 30"" Warming Drawer with Moisture Control, Automatic Shutoff, Stainless Steel Racks, Capacitive Touch Control - Blush""}",0.75
TST_631,2025-11-06T04:29:30.920Z,prod-api,garbage disposal unit (Food Disposal),FAIL,8000.00%,8/10,#FFCDD2,1452,200,"Matched 8 of 10 item(s). Sample mismatches: {categoryName: ""Cooking"", productName: ""Frigidaire 1/2 HP Continuous Feed Waste Disposer with 2,600 RPM""}, {categoryName: ""Cooking"", productName: ""Frigidaire Gallery 3/4 HP Waste Disposer""}",1.48
TST_632,2025-11-06T04:29:40.703Z,prod-api,trash compactor (Trash Compactor),PASS,10000.00%,10/10,#C8E6C9,1032,200,,1.06
TST_633,2025-11-06T04:29:46.607Z,prod-api,trash compactors (Trash Compactor),PASS,10000.00%,10/10,#C8E6C9,734,200,,0.75
TST_634,2025-11-06T04:29:53.052Z,prod-api,kitchen trash compactor (Trash Compactor),PASS,10000.00%,2/2,#C8E6C9,651,200,,0.67
TST_635,2025-11-06T04:29:59.417Z,prod-api,kitchenaid trash compactor (Trash Compactor),PASS,10000.00%,2/2,#C8E6C9,731,200,,0.74
TST_636,2025-11-06T04:30:05.296Z,prod-api,home trash compactor (Trash Compactor),PASS,10000.00%,10/10,#C8E6C9,701,200,,0.72
TST_637,2025-11-06T04:30:11.862Z,prod-api,trash compactor for kitchen (Trash Compactor),PASS,10000.00%,2/2,#C8E6C9,619,200,,0.63
TST_638,2025-11-06T04:30:19.288Z,prod-api,compactor trash (Trash Compactor),PASS,10000.00%,10/10,#C8E6C9,727,200,,0.74
TST_639,2025-11-06T04:30:27.872Z,prod-api,household trash compactor (Trash Compactor),PASS,10000.00%,10/10,#C8E6C9,918,200,,0.93
TST_640,2025-11-06T04:30:35.348Z,prod-api,kitchen aid trash compactor (Trash Compactor),PASS,10000.00%,2/2,#C8E6C9,586,200,,0.6
TST_641,2025-11-06T04:30:44.401Z,prod-api,trash bin compactor (Trash Compactor),FAIL,0.00%,0/10,#FFCDD2,1812,200,"Matched 0 of 10 item(s). Sample mismatches: {categoryName: ""Dishwashers"", productName: ""Thermador Emerald 24"" Stainless Steel Top Control Built In Dishwasher with 16 Place Setting Capacity, 8 Wash Cycles""}, {categoryName: ""Cooking"", productName: ""Bosch 800 Series Induction Slide-in Range 30'' Stainless Steel with Warming Drawer, Self-Clean, Touch Control""}, {categoryName: ""Dishwashers"", productName: ""LG 24 Inch Front Control Dishwasher with LoDecibel(TM) Operation, QuadWash(TM), Dynamic Dry(TM), NeveRust(TM) Stainless Steel Tub - Stainless Steel""}",1.84
TST_642,2025-11-06T04:30:55.717Z,prod-api,whirlpool trash compactor (Trash Compactor),PASS,10000.00%,4/4,#C8E6C9,1366,200,,1.39
TST_643,2025-11-06T04:31:03.504Z,prod-api,ge trash compactor (Trash Compactor),PASS,10000.00%,4/4,#C8E6C9,1690,200,,1.71
TST_644,2025-11-06T04:31:11.236Z,prod-api,garbage compactor (Trash Compactor),PASS,10000.00%,10/10,#C8E6C9,2019,200,,2.04
TST_645,2025-11-06T04:31:19.440Z,prod-api,kitchen garbage compactor (Trash Compactor),FAIL,6000.00%,6/10,#FFCDD2,2468,200,"Matched 6 of 10 item(s). Sample mismatches: {categoryName: ""Cooking"", productName: ""KitchenAid 30 Inch Slide-In Smart Electric Range with 5 Cooking Elements, 5.3 cu. ft. Oven Capacity, Even-Heatâ¢ True Convection, Steam Clean & Self-Cleaning Cycles, Warm Zone, Rapid Preheat, LCD Glass Touch Controls, Multiple Cooking Modes, Wi-Fi Enabled KitchenAidâ¢ App, Sabbath Mode and Energy StarÂ® Certified - Stainless Steel""}, {categoryName: ""Cooking"", productName: ""KitchenAid 36"" 5-Burner Gas Cooktop with Professional Dual Ring Burner, Even-Heat(TM) Simmer Burner, Continuous Full-Width Cast-Iron Grates - Stainless Steel""}, {categoryName: ""Cooking"", productName: ""KitchenAid 30 Inch Slide-In Smart Gas Range with 5 Sealed Burners, 5.0 cu. ft. Oven Capacity, 2-in-1 Burner, Even-Heatâ¢ True Convection, Rapid Boil, Continuous Cast-Iron Grates, Air Fry, LCD Glass Touch Controls, Sabbath Mode and Energy StarÂ® Certified: PrintShieldâ¢ Stainless Steel""}",2.49
TST_646,2025-11-06T04:31:28.897Z,prod-api,home garbage compactor (Trash Compactor),PASS,10000.00%,10/10,#C8E6C9,1263,200,,1.29
TST_647,2025-11-06T04:31:35.626Z,prod-api,garbage can compactor (Trash Compactor),FAIL,3000.00%,3/10,#FFCDD2,836,200,"Matched 3 of 10 item(s). Sample mismatches: {categoryName: ""Refrigerators"", productName: ""GE Profileâ¢ Dual Zone 75 Liter Electric Cooler""}, {categoryName: ""Refrigerators"", productName: ""GE Profileâ¢ Single Zone 50 Liter Electric Cooler""}, {categoryName: ""Refrigerators"", productName: ""GE 19'' 31-Bottle Wine Center and Beverage Center in Stainless Steel""}",0.86
TST_648,2025-11-06T04:31:45.526Z,prod-api,garbage can trash compactor (Trash Compactor),PASS,10000.00%,10/10,#C8E6C9,1222,200,,1.25
TST_649,2025-11-06T04:31:52.778Z,prod-api,garbage compactor whirlpool (Trash Compactor),PASS,10000.00%,10/10,#C8E6C9,1338,200,,1.36
TST_650,2025-11-06T04:31:59.781Z,prod-api,whirlpool garbage compactor (Trash Compactor),PASS,10000.00%,10/10,#C8E6C9,1123,200,,1.14
TST_651,2025-11-06T04:32:06.760Z,prod-api,ge garbage compactor (Trash Compactor),PASS,10000.00%,10/10,#C8E6C9,1181,200,,1.19
TST_652,2025-11-06T04:32:13.050Z,prod-api,grill (Outdoor Grill),FAIL,8370.00%,77/92,#FFCDD2,410,200,"Matched 77 of 92 item(s). Sample mismatches: {categoryName: ""Cooking"", productName: ""GE Profile(TM) 17 Inch Smart Indoor Pellet Smoker with 5 Adjustable Smoke Settings, Active Smoke Filtration, Precision Smoke Control, Six Food Presets, Temperature Probe, and Auto Warm Setting - Black""}, {categoryName: ""Cooking"", productName: ""Coyote 12 Inch Built In Single Liquid Propane Side Burner with 15,000 BTU Output, Flame Thrower Ignition and Stainless Steel Lid Included""}, {categoryName: ""Cooking"", productName: ""Coyote 12 Inch Built In Single Natural Gas Side Burner with 15,000 BTU Output, Flame Thrower Ignition and Stainless Steel Lid Included""}",0.44
TST_653,2025-11-06T04:32:22.979Z,prod-api,bbq grill (Outdoor Grill),REVIEW,N/A,0/0,#FFE0B2,1210,200,No results returned; requires manual review.,1.24
TST_654,2025-11-06T04:32:28.794Z,prod-api,grills (Outdoor Grill),FAIL,8370.00%,77/92,#FFCDD2,347,200,"Matched 77 of 92 item(s). Sample mismatches: {categoryName: ""Cooking"", productName: ""GE Profile(TM) 17 Inch Smart Indoor Pellet Smoker with 5 Adjustable Smoke Settings, Active Smoke Filtration, Precision Smoke Control, Six Food Presets, Temperature Probe, and Auto Warm Setting - Black""}, {categoryName: ""Cooking"", productName: ""Coyote 12 Inch Built In Single Liquid Propane Side Burner with 15,000 BTU Output, Flame Thrower Ignition and Stainless Steel Lid Included""}, {categoryName: ""Cooking"", productName: ""Coyote 12 Inch Built In Single Natural Gas Side Burner with 15,000 BTU Output, Flame Thrower Ignition and Stainless Steel Lid Included""}",0.38
TST_655,2025-11-06T04:32:38.744Z,prod-api,charcoal grill (Outdoor Grill),FAIL,0.00%,0/10,#FFCDD2,1338,200,"Matched 0 of 10 item(s). Sample mismatches: {categoryName: ""Cooking"", productName: ""Monogram 30 Inch Designer Wall Mount Hood with 350-CFM Venting System, Dual LED Dimmable Lighting, 4-Fan Speeds, Dishwasher Safe Filter, 9-ft. Ceiling Height""}, {categoryName: ""Cooking"", productName: ""Miele 15 Inch Electric Modular Tepan Yaki Cooktop with 2 Separately Controlled Heating Areas, Multiple Functions""}, {categoryName: ""Cooking"", productName: ""Monogram 36"" Smart Designer Wall Mount Hood with 4-Speed/610 CFM, Backlit Glass Touch Control, Triple LED Dimmable Lighting, Dishwasher Safe Filter, WiFi Connect - Stainless Steel""}",1.37
TST_656,2025-11-06T04:32:48.182Z,prod-api,electric grill (Outdoor Grill),FAIL,8000.00%,8/10,#FFCDD2,964,200,"Matched 8 of 10 item(s). Sample mismatches: {categoryName: ""Cooking"", productName: ""LG 9.4 cu. ft. Smart Double Wall Oven with InstaView, True Convection, Air Fry, and Steam Sous Vide""}, {categoryName: ""Cooking"", productName: ""Bosch 800 Series 30'' Built-In Convection Speed Microwave with SpeedChef Cooking, LED Interior Lighting - Stainless Steel""}",0.99
TST_657,2025-11-06T04:32:58.235Z,prod-api,char grill (Outdoor Grill),FAIL,9000.00%,9/10,#FFCDD2,1352,200,"Matched 9 of 10 item(s). Sample mismatches: {categoryName: ""Cooking"", productName: ""Miele 15 Inch Electric Modular Tepan Yaki Cooktop with 2 Separately Controlled Heating Areas, Multiple Functions""}",1.38
TST_658,2025-11-06T04:33:07.813Z,prod-api,charcoal bbq grill (Outdoor Grill),FAIL,0.00%,0/10,#FFCDD2,1173,200,"Matched 0 of 10 item(s). Sample mismatches: {categoryName: ""Cooking"", productName: ""Monogram 30 Inch Designer Wall Mount Hood with 350-CFM Venting System, Dual LED Dimmable Lighting, 4-Fan Speeds, Dishwasher Safe Filter, 9-ft. Ceiling Height""}, {categoryName: ""Cooking"", productName: ""Miele 15 Inch Electric Modular Tepan Yaki Cooktop with 2 Separately Controlled Heating Areas, Multiple Functions""}, {categoryName: ""Cooking"", productName: ""Monogram 36"" Smart Designer Wall Mount Hood with 4-Speed/610 CFM, Backlit Glass Touch Control, Triple LED Dimmable Lighting, Dishwasher Safe Filter, WiFi Connect - Stainless Steel""}",1.21
TST_659,2025-11-06T04:33:17.153Z,prod-api,electric bbq grill (Outdoor Grill),FAIL,8000.00%,8/10,#FFCDD2,974,200,"Matched 8 of 10 item(s). Sample mismatches: {categoryName: ""Cooking"", productName: ""LG 9.4 cu. ft. Smart Double Wall Oven with InstaView, True Convection, Air Fry, and Steam Sous Vide""}, {categoryName: ""Cooking"", productName: ""Bosch 800 Series 30'' Built-In Convection Speed Microwave with SpeedChef Cooking, LED Interior Lighting - Stainless Steel""}",1
TST_660,2025-11-06T04:33:26.947Z,prod-api,gas grills (Outdoor Grill),PASS,10000.00%,10/10,#C8E6C9,1250,200,,1.28
TST_661,2025-11-06T04:33:33.481Z,prod-api,gas bbq grills (Outdoor Grill),PASS,10000.00%,10/10,#C8E6C9,1321,200,,1.34
TST_662,2025-11-06T04:33:40.364Z,prod-api,propane grill (Outdoor Grill),FAIL,9000.00%,9/10,#FFCDD2,898,200,"Matched 9 of 10 item(s). Sample mismatches: {categoryName: ""Cooking"", productName: ""KitchenAid 36"" 5-Burner Gas Cooktop with Professional Dual Ring Burner, Even-Heat(TM) Simmer Burner, Continuous Full-Width Cast-Iron Grates - Stainless Steel""}",0.92
TST_663,2025-11-06T04:33:49.661Z,prod-api,indoor grill (Outdoor Grill),FAIL,4000.00%,4/10,#FFCDD2,1110,200,"Matched 4 of 10 item(s). Sample mismatches: {categoryName: ""Cooking"", productName: ""Miele 15 Inch Electric Modular Tepan Yaki Cooktop with 2 Separately Controlled Heating Areas, Multiple Functions""}, {categoryName: ""Refrigerators"", productName: ""LG  Studio 36 Inch Counter-Depth Freestanding French Door Smart Refrigerator with 26.5 Cu. Ft. Capacity, Door Cooling+, Smart French Door Refrigerator""}, {categoryName: ""Refrigerators"", productName: ""LG Studio 27 cu. ft. Counter-Depth 3-Door French Door Refrigerator with Water and Ice""}",1.14
TST_664,2025-11-06T04:33:59.591Z,prod-api,outdoor grill (Outdoor Grill),FAIL,7000.00%,7/10,#FFCDD2,1273,200,"Matched 7 of 10 item(s). Sample mismatches: {categoryName: ""Cooking"", productName: ""GE Profile(TM) 17 Inch Smart Indoor Pellet Smoker with 5 Adjustable Smoke Settings, Active Smoke Filtration, Precision Smoke Control, Six Food Presets, Temperature Probe, and Auto Warm Setting - Black""}, {categoryName: ""Cooking"", productName: ""Coyote 12 Inch Built In Single Liquid Propane Side Burner with 15,000 BTU Output, Flame Thrower Ignition and Stainless Steel Lid Included""}, {categoryName: ""Cooking"", productName: ""Coyote 12 Inch Built In Single Natural Gas Side Burner with 15,000 BTU Output, Flame Thrower Ignition and Stainless Steel Lid Included""}",1.3
TST_665,2025-11-06T04:34:09.404Z,prod-api,backyard grill (Outdoor Grill),FAIL,7500.00%,3/4,#FFCDD2,1076,200,"Matched 3 of 4 item(s). Sample mismatches: {categoryName: ""Cooking"", productName: ""Miele 15 Inch Electric Modular Tepan Yaki Cooktop with 2 Separately Controlled Heating Areas, Multiple Functions""}",1.1
TST_666,2025-11-06T04:34:19.739Z,prod-api,barbeque grill (Outdoor Grill),FAIL,7500.00%,3/4,#FFCDD2,1648,200,"Matched 3 of 4 item(s). Sample mismatches: {categoryName: ""Cooking"", productName: ""Miele 15 Inch Electric Modular Tepan Yaki Cooktop with 2 Separately Controlled Heating Areas, Multiple Functions""}",1.67
TST_667,2025-11-06T04:34:29.477Z,prod-api,barbecue grill (Outdoor Grill),FAIL,7500.00%,3/4,#FFCDD2,1091,200,"Matched 3 of 4 item(s). Sample mismatches: {categoryName: ""Cooking"", productName: ""Miele 15 Inch Electric Modular Tepan Yaki Cooktop with 2 Separately Controlled Heating Areas, Multiple Functions""}",1.12
TST_668,2025-11-06T04:34:39.055Z,prod-api,bbq grills (Outdoor Grill),REVIEW,N/A,0/0,#FFE0B2,852,200,No results returned; requires manual review.,0.87
TST_669,2025-11-06T04:34:46.249Z,prod-api,small kitchenette (Kitchenette),FAIL,0.00%,0/2,#FFCDD2,1122,200,"Matched 0 of 2 item(s). Sample mismatches: {categoryName: ""Cooking"", productName: ""Avanti 36"" Compact Miniature Kitchen with Stainless Steel Sink, 2 Electric Coil Burners, Integrated Backsplash - White / 2.2 cu. ft.""}, {categoryName: ""Cooking"", productName: ""Avanti 30"" Compact Miniature Kitchen with Electric Cooktop, Stainless Steel Countertop, Stainless Steel Sink, Chrome Faucet and Integrated Backsplash - White / 2.2 cu. ft.""}",1.14
TST_670,2025-11-06T04:34:56.187Z,prod-api,compact kitchen (Kitchenette),FAIL,2000.00%,2/10,#FFCDD2,1070,200,"Matched 2 of 10 item(s). Sample mismatches: {categoryName: ""Cooking"", productName: ""Whirlpool 30 Inch Smart Over-the-Range Microwave with 1.1 Cu. Ft. Capacity, 3-Speed 450 CFM Motor, 1000-Watt Cooking Power, 10 Power Levels, Popcorn Preset, Add 30 Seconds, LED Cooktop Lighting, Tap-to-Open Door, Sensor Cooking, and Microwave Presets: Fingerprint Resistant Stainless Steel""}, {categoryName: ""Cooking"", productName: ""KitchenAid 1.4 Cu. Ft. Built-In Trash Compactor with Whisper Quiet Plus""}, {categoryName: ""Cooking"", productName: ""KitchenAid 1.4 Cu. Ft. Panel-Ready Built-In Trash Compactor with 1.4 cu. ft. Capacity, 1/3 HP, 5:1 Compaction Ratio, Whisper Quiet Plus and Odor Management System""}",1.1
TST_671,2025-11-06T04:35:05.553Z,prod-api,little kitchenette (Kitchenette),FAIL,6000.00%,3/5,#FFCDD2,1018,200,"Matched 3 of 5 item(s). Sample mismatches: {categoryName: ""Cooking"", productName: ""Avanti 30"" Compact Miniature Kitchen with Electric Cooktop, Stainless Steel Countertop, Stainless Steel Sink, Chrome Faucet and Integrated Backsplash - White / 2.2 cu. ft.""}, {categoryName: ""Cooking"", productName: ""Avanti 36"" Compact Miniature Kitchen with Stainless Steel Sink, 2 Electric Coil Burners, Integrated Backsplash - White / 2.2 cu. ft.""}",1.05
TST_672,2025-11-06T04:35:14.905Z,prod-api,speed queen washer (Washer Dryer),PASS,10000.00%,10/10,#C8E6C9,1095,200,,1.12
TST_673,2025-11-06T04:35:22.814Z,prod-api,washing machine (Washer Dryer),PASS,10000.00%,10/10,#C8E6C9,1580,200,,1.6
TST_674,2025-11-06T04:35:30.188Z,prod-api,washer and dryer (Washer Dryer),PASS,10000.00%,10/10,#C8E6C9,1244,200,,1.26
TST_675,2025-11-06T04:35:36.608Z,prod-api,washer and dryer set (Washer Dryer),PASS,10000.00%,10/10,#C8E6C9,994,200,,1.02
TST_676,2025-11-06T04:35:42.634Z,prod-api,washer dryer combo (Washer Dryer),PASS,10000.00%,10/10,#C8E6C9,1153,200,,1.17
TST_677,2025-11-06T04:35:49.538Z,prod-api,stackable washer and dryer (Washer Dryer),PASS,10000.00%,10/10,#C8E6C9,1219,200,,1.23
TST_678,2025-11-06T04:35:56.654Z,prod-api,washer (Washer Dryer),PASS,10000.00%,100/100,#C8E6C9,402,200,,0.43
TST_679,2025-11-06T04:36:05.195Z,prod-api,speed queen washer and dryer (Washer Dryer),REVIEW,N/A,0/0,#FFE0B2,1309,200,No results returned; requires manual review.,1.32
TST_680,2025-11-06T04:36:13.177Z,prod-api,whirlpool washer (Washer Dryer),PASS,10000.00%,10/10,#C8E6C9,778,200,,0.79
TST_681,2025-11-06T04:36:21.255Z,prod-api,portable washing machine (Washer Dryer),PASS,10000.00%,10/10,#C8E6C9,848,200,,0.86
TST_682,2025-11-06T04:36:29.607Z,prod-api,washer dryer set (Washer Dryer),PASS,10000.00%,10/10,#C8E6C9,725,200,,0.74
TST_683,2025-11-06T04:36:37.555Z,prod-api,lg washer and dryer (Washer Dryer),PASS,10000.00%,10/10,#C8E6C9,920,200,,0.94
TST_684,2025-11-06T04:36:46.098Z,prod-api,maytag washer (Washer Dryer),PASS,10000.00%,10/10,#C8E6C9,794,200,,0.81
TST_685,2025-11-06T04:36:55.085Z,prod-api,samsung washer and dryer (Washer Dryer),PASS,10000.00%,10/10,#C8E6C9,1236,200,,1.25
TST_686,2025-11-06T04:37:03.606Z,prod-api,washer and dryer in one (Washer Dryer),FAIL,8000.00%,8/10,#FFCDD2,898,200,"Matched 8 of 10 item(s). Sample mismatches: {categoryName: ""Refrigerators"", productName: ""KitchenAid 24"" Undercounter Wine Cellar with Full-Extension Wood-Front Racks, Backlit Touch Controls, Door Alarm, LED Lighting, Temperature Monitoring System - Black""}, {categoryName: ""Refrigerators"", productName: ""KitchenAid 24"" Wine Cooler with 46 Standard Wine Bottle Capacity, Temperature Monitoring System, Motion-Activated LED Lighting, Backlit Touch Controls, Door Alarm - Black Ore""}",0.91
TST_687,2025-11-06T04:37:15.218Z,prod-api,washer and dryer sets (Washer Dryer),PASS,10000.00%,10/10,#C8E6C9,1108,200,,1.13
TST_688,2025-11-06T04:37:22.465Z,prod-api,lg washer (Washer Dryer),PASS,10000.00%,10/10,#C8E6C9,1309,200,,1.33
TST_689,2025-11-06T04:37:28.810Z,prod-api,portable washer and dryer (Washer Dryer),PASS,10000.00%,6/6,#C8E6C9,1286,200,,1.3
TST_690,2025-11-06T04:37:35.814Z,prod-api,samsung washer (Washer Dryer),PASS,10000.00%,10/10,#C8E6C9,633,200,,0.65
TST_691,2025-11-06T04:37:42.311Z,prod-api,all in one washer dryer (Washer Dryer),PASS,10000.00%,3/3,#C8E6C9,960,200,,0.98
TST_692,2025-11-06T04:37:50.324Z,prod-api,washer machine (Washer Dryer),PASS,10000.00%,10/10,#C8E6C9,621,200,,0.63
TST_693,2025-11-06T04:37:58.856Z,prod-api,ge washer dryer combo (Washer Dryer),PASS,10000.00%,3/3,#C8E6C9,893,200,,0.9
TST_694,2025-11-06T04:38:07.848Z,prod-api,lg washer and (Washer Dryer),PASS,10000.00%,10/10,#C8E6C9,572,200,,0.58
TST_695,2025-11-06T04:38:17.219Z,prod-api,lg washer dryer combo (Washer Dryer),PASS,10000.00%,4/4,#C8E6C9,1123,200,,1.14
TST_696,2025-11-06T04:38:26.687Z,prod-api,maytag washer and dryer (Washer Dryer),PASS,10000.00%,10/10,#C8E6C9,1065,200,,1.08
TST_697,2025-11-06T04:38:35.805Z,prod-api,lg washing machine (Washer Dryer),PASS,10000.00%,10/10,#C8E6C9,1117,200,,1.13
TST_698,2025-11-06T04:38:45.081Z,prod-api,samsung washing machine (Washer Dryer),PASS,10000.00%,10/10,#C8E6C9,967,200,,0.98
TST_699,2025-11-06T04:38:54.037Z,prod-api,portable washing machine and dryer (Washer Dryer),PASS,10000.00%,10/10,#C8E6C9,1041,200,,1.06
TST_700,2025-11-06T04:39:03.437Z,prod-api,washing machines (Washer Dryer),PASS,10000.00%,10/10,#C8E6C9,1171,200,,1.18
TST_701,2025-11-06T04:39:12.510Z,prod-api,washing machines on sale (Washer Dryer),PASS,10000.00%,10/10,#C8E6C9,1138,200,,1.15
TST_702,2025-11-06T04:39:22.191Z,prod-api,whirlpool washing machine (Washer Dryer),PASS,10000.00%,10/10,#C8E6C9,1413,200,,1.43
TST_703,2025-11-06T04:39:31.708Z,prod-api,ge washing machine (Washer Dryer),PASS,10000.00%,10/10,#C8E6C9,1388,200,,1.4
TST_704,2025-11-06T04:39:40.885Z,prod-api,speed queen washing machine (Washer Dryer),PASS,10000.00%,10/10,#C8E6C9,1268,200,,1.28
TST_705,2025-11-06T04:39:50.290Z,prod-api,top load washing machine (Washer Dryer),PASS,10000.00%,10/10,#C8E6C9,1225,200,,1.24
TST_706,2025-11-06T04:39:59.278Z,prod-api,front load washing machine (Washer Dryer),PASS,10000.00%,10/10,#C8E6C9,1112,200,,1.13
TST_707,2025-11-06T04:40:08.289Z,prod-api,lg top load washing machine (Washer Dryer),PASS,10000.00%,10/10,#C8E6C9,1026,200,,1.04
TST_708,2025-11-06T04:40:17.239Z,prod-api,top load washing machines (Washer Dryer),PASS,10000.00%,10/10,#C8E6C9,1294,200,,1.31
TST_709,2025-11-06T04:40:26.107Z,prod-api,washing machine drain hose (Washer Dryer),REVIEW,N/A,0/0,#FFE0B2,1008,200,No results returned; requires manual review.,1.02
TST_710,2025-11-06T04:40:35.038Z,prod-api,bosch washing machine (Washer Dryer),PASS,10000.00%,10/10,#C8E6C9,1024,200,,1.04
TST_711,2025-11-06T04:40:44.902Z,prod-api,general electric washing machine (Washer Dryer),PASS,10000.00%,10/10,#C8E6C9,1696,200,,1.71
TST_712,2025-11-06T04:40:53.951Z,prod-api,portable washer machine (Washer Dryer),PASS,10000.00%,10/10,#C8E6C9,1015,200,,1.03
TST_713,2025-11-06T04:41:02.995Z,prod-api,samsung front load washing machine (Washer Dryer),PASS,10000.00%,10/10,#C8E6C9,1036,200,,1.05
TST_714,2025-11-06T04:41:12.491Z,prod-api,small washing machine (Washer Dryer),PASS,10000.00%,10/10,#C8E6C9,987,200,,1
TST_715,2025-11-06T04:41:21.261Z,prod-api,wash machine (Washer Dryer),PASS,10000.00%,10/10,#C8E6C9,1010,200,,1.02
TST_716,2025-11-06T04:41:29.889Z,prod-api,washing machine and dryer set (Washer Dryer),PASS,10000.00%,10/10,#C8E6C9,822,200,,0.84
TST_717,2025-11-06T04:41:39.056Z,prod-api,washing machine hose (Washer Dryer),REVIEW,N/A,0/0,#FFE0B2,837,200,No results returned; requires manual review.,0.84
TST_718,2025-11-06T04:41:48.200Z,prod-api,washing machine sale (Washer Dryer),PASS,10000.00%,10/10,#C8E6C9,872,200,,0.88
TST_719,2025-11-06T04:41:56.568Z,prod-api,commercial washing machine (Washer Dryer),PASS,10000.00%,10/10,#C8E6C9,989,200,,1
TST_720,2025-11-06T04:42:05.970Z,prod-api,dryer and washing machine (Washer Dryer),PASS,10000.00%,5/5,#C8E6C9,1155,200,,1.17
TST_721,2025-11-06T04:42:15.300Z,prod-api,lg washing machines (Washer Dryer),PASS,10000.00%,10/10,#C8E6C9,886,200,,0.9
TST_722,2025-11-06T04:42:25.397Z,prod-api,maytag washing machine parts (Washer Dryer),PASS,10000.00%,10/10,#C8E6C9,1329,200,,1.35
TST_723,2025-11-06T04:42:35.165Z,prod-api,miele washing machine (Washer Dryer),PASS,10000.00%,10/10,#C8E6C9,1320,200,,1.33
TST_724,2025-11-06T04:42:44.229Z,prod-api,portable washing machines (Washer Dryer),FAIL,9000.00%,9/10,#FFCDD2,1016,200,"Matched 9 of 10 item(s). Sample mismatches: {categoryName: ""Cooking"", productName: ""Bosch 800 Series Induction Slide-in Range 30'' Stainless Steel with Warming Drawer, Self-Clean, Touch Control""}",1.03
TST_725,2025-11-06T04:42:53.625Z,prod-api,washing machine and dryer (Washer Dryer),PASS,10000.00%,5/5,#C8E6C9,1103,200,,1.13
TST_726,2025-11-06T04:43:01.058Z,prod-api,washing machine and dryer in one (Washer Dryer),PASS,10000.00%,10/10,#C8E6C9,784,200,,0.81
TST_727,2025-11-06T04:43:08.607Z,prod-api,washing machine hoses (Washer Dryer),PASS,10000.00%,10/10,#C8E6C9,993,200,,1.01
TST_728,2025-11-06T04:43:15.964Z,prod-api,washing machine parts (Washer Dryer),PASS,10000.00%,10/10,#C8E6C9,1134,200,,1.15
TST_729,2025-11-06T04:43:23.586Z,prod-api,washing machine top load (Washer Dryer),PASS,10000.00%,10/10,#C8E6C9,1590,200,,1.6
TST_730,2025-11-06T04:43:32.196Z,prod-api,whirlpool washing machines (Washer Dryer),PASS,10000.00%,10/10,#C8E6C9,879,200,,0.89
TST_731,2025-11-06T04:43:40.267Z,prod-api,amana washing machine (Washer Dryer),PASS,10000.00%,10/10,#C8E6C9,991,200,,1.01
TST_732,2025-11-06T04:43:48.279Z,prod-api,electrolux washing machine (Washer Dryer),PASS,10000.00%,10/10,#C8E6C9,952,200,,0.97
TST_733,2025-11-06T04:43:57.693Z,prod-api,ge profile washing machine (Washer Dryer),PASS,10000.00%,10/10,#C8E6C9,1227,200,,1.25
TST_734,2025-11-06T04:44:07.487Z,prod-api,ge washer machine (Washer Dryer),PASS,10000.00%,1/1,#C8E6C9,1223,200,,1.24
TST_735,2025-11-06T04:44:17.530Z,prod-api,lg front load washing machine (Washer Dryer),PASS,10000.00%,10/10,#C8E6C9,1055,200,,1.07
TST_736,2025-11-06T04:44:27.076Z,prod-api,lg inverter direct drive washing machine (Washer Dryer),PASS,10000.00%,10/10,#C8E6C9,1145,200,,1.16
TST_737,2025-11-06T04:44:33.642Z,prod-api,lg thinq washing machine (Washer Dryer),PASS,10000.00%,10/10,#C8E6C9,1218,200,,1.24
TST_738,2025-11-06T04:44:39.936Z,prod-api,lg washing machine parts (Washer Dryer),PASS,10000.00%,10/10,#C8E6C9,1044,200,,1.06
TST_739,2025-11-06T04:44:49.965Z,prod-api,maytag washing machine (Washer Dryer),PASS,10000.00%,10/10,#C8E6C9,1902,200,,1.92
TST_740,2025-11-06T04:44:59.673Z,prod-api,mini washing machine and dryer (Washer Dryer),PASS,10000.00%,10/10,#C8E6C9,949,200,,0.96
TST_741,2025-11-06T04:45:08.982Z,prod-api,samsung washer machine (Washer Dryer),PASS,10000.00%,10/10,#C8E6C9,613,200,,0.63
TST_742,2025-11-06T04:45:18.839Z,prod-api,top loading washing machine (Washer Dryer),PASS,10000.00%,10/10,#C8E6C9,1271,200,,1.29
TST_743,2025-11-06T04:45:29.078Z,prod-api,top loading washing machines (Washer Dryer),PASS,10000.00%,10/10,#C8E6C9,1272,200,,1.28
TST_744,2025-11-06T04:45:38.059Z,prod-api,dryer (Washer Dryer),PASS,10000.00%,100/100,#C8E6C9,468,200,,0.49
TST_745,2025-11-06T04:45:47.493Z,prod-api,dryer vent (Washer Dryer),REVIEW,N/A,0/0,#FFE0B2,716,200,No results returned; requires manual review.,0.73
TST_746,2025-11-06T04:45:57.172Z,prod-api,electric dryer (Washer Dryer),PASS,10000.00%,10/10,#C8E6C9,867,200,,0.88
TST_747,2025-11-06T04:46:06.972Z,prod-api,gas dryer (Washer Dryer),PASS,10000.00%,10/10,#C8E6C9,908,200,,0.92
TST_748,2025-11-06T04:46:16.386Z,prod-api,samsung dryer (Washer Dryer),PASS,10000.00%,10/10,#C8E6C9,779,200,,0.79
TST_749,2025-11-06T04:46:25.950Z,prod-api,whirlpool dryer (Washer Dryer),PASS,10000.00%,10/10,#C8E6C9,1151,200,,1.17
TST_750,2025-11-06T04:46:35.173Z,prod-api,dryer and washer (Washer Dryer),PASS,10000.00%,10/10,#C8E6C9,914,200,,0.93
TST_751,2025-11-06T04:46:43.885Z,prod-api,dryers (Washer Dryer),PASS,10000.00%,100/100,#C8E6C9,445,200,,0.47
TST_752,2025-11-06T04:46:51.578Z,prod-api,lg dryer (Washer Dryer),PASS,10000.00%,10/10,#C8E6C9,978,200,,0.99
TST_753,2025-11-06T04:47:01.134Z,prod-api,maytag dryer (Washer Dryer),PASS,10000.00%,10/10,#C8E6C9,1153,200,,1.16
TST_754,2025-11-06T04:47:11.073Z,prod-api,washer dryer (Washer Dryer),PASS,10000.00%,10/10,#C8E6C9,1737,200,,1.75
TST_755,2025-11-06T04:47:21.149Z,prod-api,washer dryer in one (Washer Dryer),PASS,10000.00%,10/10,#C8E6C9,984,200,,1
TST_756,2025-11-06T04:47:31.466Z,prod-api,electrolux washer and dryer (Washer Dryer),REVIEW,N/A,0/0,#FFE0B2,1081,200,No results returned; requires manual review.,1.09
TST_757,2025-11-06T04:47:41.102Z,prod-api,lg washer and dryer combo (Washer Dryer),PASS,10000.00%,10/10,#C8E6C9,997,200,,1.01
TST_758,2025-11-06T04:47:51.605Z,prod-api,lg washer with dryer (Washer Dryer),PASS,10000.00%,10/10,#C8E6C9,1288,200,,1.3
TST_759,2025-11-06T04:48:01.334Z,prod-api,samsung washer dryer (Washer Dryer),PASS,10000.00%,10/10,#C8E6C9,692,200,,0.7
TST_760,2025-11-06T04:48:11.426Z,prod-api,speed queen dryer (Washer Dryer),PASS,10000.00%,10/10,#C8E6C9,1247,200,,1.26
TST_761,2025-11-06T04:48:21.091Z,prod-api,stacked washer dryer (Washer Dryer),PASS,10000.00%,10/10,#C8E6C9,1002,200,,1.02
TST_762,2025-11-06T04:48:31.027Z,prod-api,ventless dryer (Washer Dryer),PASS,10000.00%,10/10,#C8E6C9,1157,200,,1.17
TST_763,2025-11-06T04:48:41.129Z,prod-api,washer and dryer combo (Washer Dryer),PASS,10000.00%,10/10,#C8E6C9,1584,200,,1.6
TST_764,2025-11-06T04:48:50.910Z,prod-api,washer and dryer sale (Washer Dryer),PASS,10000.00%,10/10,#C8E6C9,883,200,,0.9
TST_765,2025-11-06T04:49:02.093Z,prod-api,whirlpool washer and dryer (Washer Dryer),PASS,10000.00%,10/10,#C8E6C9,2058,200,,2.07
TST_766,2025-11-06T04:49:11.370Z,prod-api,clothes dryer (Washer Dryer),PASS,10000.00%,3/3,#C8E6C9,784,200,,0.8
TST_767,2025-11-06T04:49:20.512Z,prod-api,ge dryer (Washer Dryer),PASS,10000.00%,10/10,#C8E6C9,878,200,,0.89
TST_768,2025-11-06T04:49:35.102Z,prod-api,lg stackable washer and dryer (Washer Dryer),PASS,10000.00%,10/10,#C8E6C9,5648,200,,5.66
TST_769,2025-11-06T04:49:43.516Z,prod-api,washer and a dryer in one (Washer Dryer),PASS,10000.00%,10/10,#C8E6C9,750,200,,0.77
TST_770,2025-11-06T04:49:53.589Z,prod-api,washer and dryer stackable (Washer Dryer),PASS,10000.00%,10/10,#C8E6C9,1489,200,,1.5
TST_771,2025-11-06T04:50:02.689Z,prod-api,washers and dryers (Washer Dryer),PASS,10000.00%,10/10,#C8E6C9,647,200,,0.66
TST_772,2025-11-06T04:50:11.794Z,prod-api,dryer gas (Washer Dryer),PASS,10000.00%,10/10,#C8E6C9,923,200,,0.93
TST_773,2025-11-06T04:50:21.239Z,prod-api,dryers electric (Washer Dryer),PASS,10000.00%,10/10,#C8E6C9,1264,200,,1.28
TST_774,2025-11-06T04:50:30.361Z,prod-api,electric dryers (Washer Dryer),PASS,10000.00%,10/10,#C8E6C9,574,200,,0.59
TST_775,2025-11-06T04:50:39.838Z,prod-api,laundry (Washer Dryer),PASS,10000.00%,100/100,#C8E6C9,389,200,,0.41
TST_776,2025-11-06T04:50:49.231Z,prod-api,coin laundry (Washer Dryer),PASS,10000.00%,6/6,#C8E6C9,1027,200,,1.04
TST_777,2025-11-06T04:50:59.033Z,prod-api,laundry machine (Washer Dryer),PASS,10000.00%,10/10,#C8E6C9,990,200,,0.99
TST_778,2025-11-06T04:51:08.810Z,prod-api,laundry pedestal (Washer Dryer),PASS,10000.00%,10/10,#C8E6C9,847,200,,0.86
TST_779,2025-11-06T04:51:17.188Z,prod-api,samsung laundry pedestal (Washer Dryer),PASS,10000.00%,10/10,#C8E6C9,862,200,,0.88
TST_780,2025-11-06T04:51:25.562Z,prod-api,lg laundry pedestal (Washer Dryer),PASS,10000.00%,10/10,#C8E6C9,812,200,,0.82
TST_781,2025-11-06T04:51:35.837Z,prod-api,ge laundry medestal (Washer Dryer),PASS,10000.00%,10/10,#C8E6C9,759,200,,0.77
TST_782,2025-11-06T04:51:45.396Z,prod-api,laundry machine pedestal (Washer Dryer),PASS,10000.00%,10/10,#C8E6C9,718,200,,0.73
TST_783,2025-11-06T04:51:55.065Z,prod-api,washer dryer pedestal (Washer Dryer),PASS,10000.00%,10/10,#C8E6C9,847,200,,0.86
TST_784,2025-11-06T04:52:04.968Z,prod-api,dryer pedestal (Washer Dryer),PASS,10000.00%,10/10,#C8E6C9,621,200,,0.64
TST_785,2025-11-06T04:52:15.119Z,prod-api,washer and dryer pedestal (Washer Dryer),PASS,10000.00%,10/10,#C8E6C9,971,200,,0.98
TST_786,2025-11-06T04:52:24.859Z,prod-api,washer and dryer with pedestals (Washer Dryer),PASS,10000.00%,10/10,#C8E6C9,997,200,,1.01
TST_787,2025-11-06T04:52:34.644Z,prod-api,washer dryer pedestals (Washer Dryer),PASS,10000.00%,10/10,#C8E6C9,879,200,,0.9
